Date,Canadian dollar   (CAD)                     ,U.S. dollar   (USD)                     
03-Jan-05,,1
04-Jan-05,,1
05-Jan-05,,1
06-Jan-05,1.2373,1
07-Jan-05,,1
10-Jan-05,,1
11-Jan-05,1.215,1
12-Jan-05,,1
13-Jan-05,,1
14-Jan-05,1.2206,1
17-Jan-05,1.2165,1
18-Jan-05,1.2224,1
19-Jan-05,,1
20-Jan-05,1.2327,1
21-Jan-05,1.2212,1
24-Jan-05,1.226,1
25-Jan-05,1.2383,1
26-Jan-05,1.2307,1
27-Jan-05,1.2367,1
28-Jan-05,1.2421,1
31-Jan-05,1.238,1
01-Feb-05,1.2397,1
02-Feb-05,1.2405,1
03-Feb-05,1.2428,1
04-Feb-05,,1
07-Feb-05,1.2566,1
08-Feb-05,1.248,1
09-Feb-05,,1
10-Feb-05,1.2409,1
11-Feb-05,1.2379,1
14-Feb-05,1.2345,1
15-Feb-05,1.2336,1
16-Feb-05,1.2424,1
17-Feb-05,1.23,1
18-Feb-05,,1
21-Feb-05,1.2338,1
22-Feb-05,1.2299,1
23-Feb-05,1.2383,1
24-Feb-05,1.2416,1
25-Feb-05,1.2408,1
28-Feb-05,1.2314,1
01-Mar-05,1.2429,1
02-Mar-05,1.2401,1
03-Mar-05,1.2462,1
04-Mar-05,1.2326,1
07-Mar-05,1.2293,1
08-Mar-05,1.2169,1
09-Mar-05,,1
10-Mar-05,,1
11-Mar-05,,1
14-Mar-05,1.2087,1
15-Mar-05,1.2078,1
16-Mar-05,1.2036,1
17-Mar-05,1.2022,1
18-Mar-05,,1
21-Mar-05,1.2117,1
22-Mar-05,1.2019,1
23-Mar-05,,1
24-Mar-05,1.2153,1
25-Mar-05,,1
28-Mar-05,1.2236,1
29-Mar-05,,1
30-Mar-05,1.2165,1
31-Mar-05,1.2096,1
01-Apr-05,1.2147,1
04-Apr-05,1.2203,1
05-Apr-05,1.2201,1
06-Apr-05,1.2219,1
07-Apr-05,,1
08-Apr-05,,1
11-Apr-05,1.2331,1
12-Apr-05,1.2406,1
13-Apr-05,1.2368,1
14-Apr-05,1.2417,1
15-Apr-05,,1
18-Apr-05,1.2481,1
19-Apr-05,1.241,1
20-Apr-05,1.2393,1
21-Apr-05,1.2391,1
22-Apr-05,1.2342,1
25-Apr-05,1.2375,1
26-Apr-05,1.2464,1
27-Apr-05,1.2466,1
28-Apr-05,1.2508,1
29-Apr-05,1.2569,1
02-May-05,1.2555,1
03-May-05,1.2547,1
04-May-05,1.2506,1
05-May-05,,1
06-May-05,1.2432,1
09-May-05,1.2378,1
10-May-05,1.2372,1
11-May-05,1.2475,1
12-May-05,1.2494,1
13-May-05,1.2624,1
16-May-05,1.2704,1
17-May-05,1.2665,1
18-May-05,1.2618,1
19-May-05,1.2623,1
20-May-05,1.2631,1
23-May-05,,1
24-May-05,1.2611,1
25-May-05,1.264,1
26-May-05,1.2681,1
27-May-05,1.2584,1
30-May-05,1.2558,1
31-May-05,1.251,1
01-Jun-05,,1
02-Jun-05,,1
03-Jun-05,,1
06-Jun-05,1.2448,1
07-Jun-05,1.2472,1
08-Jun-05,1.244,1
09-Jun-05,1.255,1
10-Jun-05,,1
13-Jun-05,1.2577,1
14-Jun-05,1.2554,1
15-Jun-05,1.24,1
16-Jun-05,1.2376,1
17-Jun-05,1.2345,1
20-Jun-05,1.232,1
21-Jun-05,1.2308,1
22-Jun-05,1.2355,1
23-Jun-05,1.2311,1
24-Jun-05,,1
27-Jun-05,1.2308,1
28-Jun-05,1.2312,1
29-Jun-05,1.2263,1
30-Jun-05,1.2256,1
01-Jul-05,,1
04-Jul-05,1.2401,1
05-Jul-05,1.2432,1
06-Jul-05,1.2362,1
07-Jul-05,1.2287,1
08-Jul-05,1.2208,1
11-Jul-05,,1
12-Jul-05,1.2051,1
13-Jul-05,1.2072,1
14-Jul-05,,1
15-Jul-05,,1
18-Jul-05,1.215,1
19-Jul-05,1.2189,1
20-Jul-05,1.2219,1
21-Jul-05,1.2178,1
22-Jul-05,,1
25-Jul-05,1.2191,1
26-Jul-05,1.2296,1
27-Jul-05,,1
28-Jul-05,1.234,1
29-Jul-05,1.2259,1
01-Aug-05,,1
02-Aug-05,,1
03-Aug-05,,1
04-Aug-05,1.212,1
05-Aug-05,1.2187,1
08-Aug-05,1.2132,1
09-Aug-05,1.2142,1
10-Aug-05,1.2115,1
11-Aug-05,1.2026,1
12-Aug-05,1.1947,1
15-Aug-05,1.197,1
16-Aug-05,1.198,1
17-Aug-05,1.2076,1
18-Aug-05,1.2182,1
19-Aug-05,1.2139,1
22-Aug-05,1.2041,1
23-Aug-05,1.1984,1
24-Aug-05,1.1958,1
25-Aug-05,1.1892,1
26-Aug-05,,1
29-Aug-05,1.197,1
30-Aug-05,1.1924,1
31-Aug-05,1.1889,1
01-Sep-05,1.1849,1
02-Sep-05,1.1882,1
05-Sep-05,,1
06-Sep-05,1.187,1
07-Sep-05,1.1863,1
08-Sep-05,1.1824,1
09-Sep-05,1.1761,1
12-Sep-05,1.1853,1
13-Sep-05,1.1802,1
14-Sep-05,1.1822,1
15-Sep-05,1.1857,1
16-Sep-05,1.183,1
19-Sep-05,1.1694,1
20-Sep-05,1.1703,1
21-Sep-05,1.1693,1
22-Sep-05,1.1672,1
23-Sep-05,,1
26-Sep-05,1.1707,1
27-Sep-05,1.1781,1
28-Sep-05,1.1785,1
29-Sep-05,1.1725,1
30-Sep-05,1.1611,1
03-Oct-05,1.1659,1
04-Oct-05,1.1721,1
05-Oct-05,,1
06-Oct-05,1.1822,1
07-Oct-05,1.1748,1
10-Oct-05,,1
11-Oct-05,1.1755,1
12-Oct-05,1.1707,1
13-Oct-05,1.1837,1
14-Oct-05,1.1856,1
17-Oct-05,1.1799,1
18-Oct-05,1.1796,1
19-Oct-05,1.1777,1
20-Oct-05,1.1767,1
21-Oct-05,,1
24-Oct-05,1.1887,1
25-Oct-05,1.177,1
26-Oct-05,1.1703,1
27-Oct-05,1.1697,1
28-Oct-05,1.1771,1
31-Oct-05,1.1801,1
01-Nov-05,1.1767,1
02-Nov-05,1.1802,1
03-Nov-05,1.1818,1
04-Nov-05,1.1811,1
07-Nov-05,1.1901,1
08-Nov-05,1.1886,1
09-Nov-05,1.186,1
10-Nov-05,1.1877,1
11-Nov-05,,1
14-Nov-05,1.1961,1
15-Nov-05,1.194,1
16-Nov-05,1.1918,1
17-Nov-05,1.1863,1
18-Nov-05,1.1902,1
21-Nov-05,1.182,1
22-Nov-05,1.1771,1
23-Nov-05,1.1719,1
24-Nov-05,1.1714,1
25-Nov-05,1.1692,1
28-Nov-05,1.1657,1
29-Nov-05,1.1673,1
30-Nov-05,1.1674,1
01-Dec-05,1.1687,1
02-Dec-05,1.1627,1
05-Dec-05,1.1567,1
06-Dec-05,1.1562,1
07-Dec-05,1.1582,1
08-Dec-05,,1
09-Dec-05,1.158,1
12-Dec-05,1.1507,1
13-Dec-05,,1
14-Dec-05,1.1531,1
15-Dec-05,1.1577,1
16-Dec-05,1.1564,1
19-Dec-05,1.1634,1
20-Dec-05,1.1734,1
21-Dec-05,1.1695,1
22-Dec-05,,1
23-Dec-05,,1
26-Dec-05,,1
27-Dec-05,,1
28-Dec-05,1.1639,1
29-Dec-05,1.1645,1
30-Dec-05,,1
02-Jan-06,,1
03-Jan-06,1.1571,1
04-Jan-06,1.1515,1
05-Jan-06,1.1617,1
06-Jan-06,1.1648,1
09-Jan-06,1.1692,1
10-Jan-06,1.1628,1
11-Jan-06,1.158,1
12-Jan-06,1.1625,1
13-Jan-06,1.1613,1
16-Jan-06,1.1578,1
17-Jan-06,1.1643,1
18-Jan-06,1.1726,1
19-Jan-06,1.1657,1
20-Jan-06,,1
23-Jan-06,1.1512,1
24-Jan-06,1.1549,1
25-Jan-06,1.1483,1
26-Jan-06,1.1503,1
27-Jan-06,1.1474,1
30-Jan-06,1.1443,1
31-Jan-06,1.1439,1
01-Feb-06,1.1402,1
02-Feb-06,1.1432,1
03-Feb-06,1.1471,1
06-Feb-06,,1
07-Feb-06,1.1491,1
08-Feb-06,1.1536,1
09-Feb-06,,1
10-Feb-06,,1
13-Feb-06,1.1548,1
14-Feb-06,1.1548,1
15-Feb-06,,1
16-Feb-06,1.1578,1
17-Feb-06,1.1522,1
20-Feb-06,1.148,1
21-Feb-06,1.1464,1
22-Feb-06,1.1482,1
23-Feb-06,1.1513,1
24-Feb-06,1.1518,1
27-Feb-06,1.142,1
28-Feb-06,1.138,1
01-Mar-06,1.1369,1
02-Mar-06,,1
03-Mar-06,,1
06-Mar-06,1.1402,1
07-Mar-06,,1
08-Mar-06,,1
09-Mar-06,1.1595,1
10-Mar-06,1.1605,1
13-Mar-06,1.1618,1
14-Mar-06,1.155,1
15-Mar-06,1.1553,1
16-Mar-06,1.1537,1
17-Mar-06,1.1588,1
20-Mar-06,1.1628,1
21-Mar-06,1.1647,1
22-Mar-06,1.1653,1
23-Mar-06,1.1659,1
24-Mar-06,1.1674,1
27-Mar-06,1.1687,1
28-Mar-06,1.1698,1
29-Mar-06,1.1724,1
30-Mar-06,1.1627,1
31-Mar-06,1.1671,1
03-Apr-06,,1
04-Apr-06,1.1662,1
05-Apr-06,1.1619,1
06-Apr-06,1.1534,1
07-Apr-06,1.1467,1
10-Apr-06,1.1466,1
11-Apr-06,1.1458,1
12-Apr-06,1.1478,1
13-Apr-06,1.152,1
14-Apr-06,,1
17-Apr-06,1.1453,1
18-Apr-06,1.1419,1
19-Apr-06,1.1364,1
20-Apr-06,1.1388,1
21-Apr-06,1.1373,1
24-Apr-06,1.1373,1
25-Apr-06,1.1316,1
26-Apr-06,1.127,1
27-Apr-06,1.1235,1
28-Apr-06,1.1203,1
01-May-06,1.1133,1
02-May-06,1.1069,1
03-May-06,1.1072,1
04-May-06,1.1068,1
05-May-06,1.1072,1
08-May-06,1.1117,1
09-May-06,1.1021,1
10-May-06,1.1007,1
11-May-06,1.099,1
12-May-06,1.1085,1
15-May-06,1.114,1
16-May-06,1.1112,1
17-May-06,1.1125,1
18-May-06,1.1213,1
19-May-06,1.1233,1
22-May-06,,1
23-May-06,1.1176,1
24-May-06,1.1229,1
25-May-06,1.1073,1
26-May-06,1.1073,1
29-May-06,,1
30-May-06,1.0996,1
31-May-06,1.1028,1
01-Jun-06,1.1008,1
02-Jun-06,1.1004,1
05-Jun-06,1.1012,1
06-Jun-06,1.1152,1
07-Jun-06,1.1116,1
08-Jun-06,1.1232,1
09-Jun-06,1.1072,1
12-Jun-06,1.099,1
13-Jun-06,1.1079,1
14-Jun-06,1.1122,1
15-Jun-06,1.1177,1
16-Jun-06,1.1226,1
19-Jun-06,1.1229,1
20-Jun-06,1.1163,1
21-Jun-06,1.1042,1
22-Jun-06,1.1175,1
23-Jun-06,1.1241,1
26-Jun-06,,1
27-Jun-06,1.1213,1
28-Jun-06,1.1245,1
29-Jun-06,1.1159,1
30-Jun-06,1.115,1
03-Jul-06,,1
04-Jul-06,1.1061,1
05-Jul-06,1.1117,1
06-Jul-06,1.1117,1
07-Jul-06,1.1134,1
10-Jul-06,1.1246,1
11-Jul-06,1.1338,1
12-Jul-06,1.1355,1
13-Jul-06,1.1319,1
14-Jul-06,1.1274,1
17-Jul-06,1.1322,1
18-Jul-06,1.1336,1
19-Jul-06,1.1353,1
20-Jul-06,1.1341,1
21-Jul-06,1.1375,1
24-Jul-06,1.1416,1
25-Jul-06,1.1414,1
26-Jul-06,1.1378,1
27-Jul-06,1.1345,1
28-Jul-06,1.1298,1
31-Jul-06,1.1309,1
01-Aug-06,1.1315,1
02-Aug-06,1.1259,1
03-Aug-06,1.1263,1
04-Aug-06,1.127,1
07-Aug-06,,1
08-Aug-06,1.1204,1
09-Aug-06,1.1199,1
10-Aug-06,1.1263,1
11-Aug-06,1.1204,1
14-Aug-06,1.124,1
15-Aug-06,1.1221,1
16-Aug-06,1.1161,1
17-Aug-06,1.1165,1
18-Aug-06,1.1233,1
21-Aug-06,1.1184,1
22-Aug-06,1.1154,1
23-Aug-06,1.1101,1
24-Aug-06,1.1111,1
25-Aug-06,1.108,1
28-Aug-06,1.112,1
29-Aug-06,1.1105,1
30-Aug-06,1.11,1
31-Aug-06,1.1066,1
01-Sep-06,1.1056,1
04-Sep-06,,1
05-Sep-06,1.111,1
06-Sep-06,1.1053,1
07-Sep-06,1.1099,1
08-Sep-06,1.119,1
11-Sep-06,1.1218,1
12-Sep-06,1.1186,1
13-Sep-06,1.1191,1
14-Sep-06,1.1159,1
15-Sep-06,1.1195,1
18-Sep-06,1.1171,1
19-Sep-06,1.1232,1
20-Sep-06,1.1273,1
21-Sep-06,1.1195,1
22-Sep-06,1.1172,1
25-Sep-06,1.1162,1
26-Sep-06,1.116,1
27-Sep-06,1.1151,1
28-Sep-06,1.1109,1
29-Sep-06,1.1153,1
02-Oct-06,1.1155,1
03-Oct-06,1.1211,1
04-Oct-06,1.1287,1
05-Oct-06,1.1269,1
06-Oct-06,1.1264,1
09-Oct-06,,1
10-Oct-06,1.1319,1
11-Oct-06,1.1358,1
12-Oct-06,1.1357,1
13-Oct-06,1.1367,1
16-Oct-06,1.1385,1
17-Oct-06,1.138,1
18-Oct-06,1.1379,1
19-Oct-06,1.1318,1
20-Oct-06,1.1251,1
23-Oct-06,1.1282,1
24-Oct-06,1.1272,1
25-Oct-06,1.1248,1
26-Oct-06,1.1254,1
27-Oct-06,1.1188,1
30-Oct-06,1.1235,1
31-Oct-06,1.1227,1
01-Nov-06,1.1315,1
02-Nov-06,1.1362,1
03-Nov-06,1.129,1
06-Nov-06,1.1293,1
07-Nov-06,1.1277,1
08-Nov-06,1.1277,1
09-Nov-06,1.1292,1
10-Nov-06,1.1307,1
13-Nov-06,,1
14-Nov-06,1.1395,1
15-Nov-06,1.139,1
16-Nov-06,1.1404,1
17-Nov-06,1.1459,1
20-Nov-06,1.1473,1
21-Nov-06,1.1474,1
22-Nov-06,,1
23-Nov-06,,1
24-Nov-06,,1
27-Nov-06,1.133,1
28-Nov-06,1.1311,1
29-Nov-06,1.136,1
30-Nov-06,1.1415,1
01-Dec-06,1.1445,1
04-Dec-06,1.1454,1
05-Dec-06,1.1417,1
06-Dec-06,1.1469,1
07-Dec-06,1.1481,1
08-Dec-06,1.1501,1
11-Dec-06,1.1475,1
12-Dec-06,1.1548,1
13-Dec-06,1.1545,1
14-Dec-06,1.1568,1
15-Dec-06,1.1574,1
18-Dec-06,1.1574,1
19-Dec-06,1.1558,1
20-Dec-06,1.1486,1
21-Dec-06,1.1537,1
22-Dec-06,1.1574,1
26-Dec-06,,1
27-Dec-06,,1
28-Dec-06,1.1599,1
29-Dec-06,1.1653,1
02-Jan-07,1.1649,1
03-Jan-07,1.1699,1
04-Jan-07,1.1767,1
05-Jan-07,1.1755,1
08-Jan-07,1.1777,1
09-Jan-07,1.1784,1
10-Jan-07,1.1772,1
11-Jan-07,1.1762,1
12-Jan-07,1.1702,1
15-Jan-07,1.1681,1
16-Jan-07,1.1746,1
17-Jan-07,1.1737,1
18-Jan-07,1.1752,1
19-Jan-07,1.172,1
22-Jan-07,1.1759,1
23-Jan-07,1.1816,1
24-Jan-07,1.1824,1
25-Jan-07,1.1783,1
26-Jan-07,1.1798,1
29-Jan-07,1.1816,1
30-Jan-07,1.1814,1
31-Jan-07,1.1792,1
01-Feb-07,1.1755,1
02-Feb-07,1.1838,1
05-Feb-07,1.1818,1
06-Feb-07,1.182,1
07-Feb-07,1.1852,1
08-Feb-07,1.1853,1
09-Feb-07,1.1739,1
12-Feb-07,1.1746,1
13-Feb-07,1.1686,1
14-Feb-07,1.166,1
15-Feb-07,1.1639,1
16-Feb-07,1.1637,1
19-Feb-07,1.1639,1
20-Feb-07,1.1698,1
21-Feb-07,1.1612,1
22-Feb-07,1.1616,1
23-Feb-07,1.1585,1
26-Feb-07,1.16,1
27-Feb-07,1.1639,1
28-Feb-07,1.17,1
01-Mar-07,1.1713,1
02-Mar-07,,1
05-Mar-07,1.1811,1
06-Mar-07,1.176,1
07-Mar-07,1.1713,1
08-Mar-07,,1
09-Mar-07,1.1712,1
12-Mar-07,1.1692,1
13-Mar-07,1.1687,1
14-Mar-07,1.1754,1
15-Mar-07,1.1758,1
16-Mar-07,1.174,1
19-Mar-07,1.1752,1
20-Mar-07,1.1639,1
21-Mar-07,1.1578,1
22-Mar-07,1.1576,1
23-Mar-07,1.16,1
26-Mar-07,1.1627,1
27-Mar-07,1.1584,1
28-Mar-07,1.158,1
29-Mar-07,1.1578,1
30-Mar-07,1.1529,1
02-Apr-07,1.1561,1
03-Apr-07,1.1573,1
04-Apr-07,1.1584,1
05-Apr-07,,1
06-Apr-07,,1
09-Apr-07,1.1522,1
10-Apr-07,1.148,1
11-Apr-07,1.145,1
12-Apr-07,1.1363,1
13-Apr-07,1.138,1
16-Apr-07,1.131,1
17-Apr-07,1.1294,1
18-Apr-07,1.1288,1
19-Apr-07,1.1286,1
20-Apr-07,1.1227,1
23-Apr-07,1.1227,1
24-Apr-07,1.1229,1
25-Apr-07,1.1145,1
26-Apr-07,1.1202,1
27-Apr-07,1.1153,1
30-Apr-07,1.1067,1
01-May-07,1.1089,1
02-May-07,1.1087,1
03-May-07,1.107,1
04-May-07,1.1069,1
07-May-07,1.1024,1
08-May-07,1.1048,1
09-May-07,1.1064,1
10-May-07,1.1073,1
11-May-07,,1
14-May-07,1.1069,1
15-May-07,1.0977,1
16-May-07,1.1029,1
17-May-07,1.0977,1
18-May-07,1.0884,1
21-May-07,,1
22-May-07,1.0855,1
23-May-07,1.0818,1
24-May-07,1.0841,1
25-May-07,1.0796,1
28-May-07,,1
29-May-07,1.0719,1
30-May-07,1.0754,1
31-May-07,1.0699,1
01-Jun-07,,1
04-Jun-07,1.058,1
05-Jun-07,1.0606,1
06-Jun-07,1.0586,1
07-Jun-07,1.0613,1
08-Jun-07,1.0622,1
11-Jun-07,1.0614,1
12-Jun-07,1.0635,1
13-Jun-07,1.0667,1
14-Jun-07,1.0684,1
15-Jun-07,1.0679,1
18-Jun-07,1.0721,1
19-Jun-07,1.0639,1
20-Jun-07,1.0646,1
21-Jun-07,1.073,1
22-Jun-07,1.0676,1
25-Jun-07,1.0713,1
26-Jun-07,1.0693,1
27-Jun-07,1.0716,1
28-Jun-07,1.0627,1
29-Jun-07,1.0634,1
02-Jul-07,,1
03-Jul-07,1.0596,1
04-Jul-07,1.057,1
05-Jul-07,1.0566,1
06-Jul-07,1.048,1
09-Jul-07,1.0479,1
10-Jul-07,1.0521,1
11-Jul-07,1.0558,1
12-Jul-07,1.0469,1
13-Jul-07,1.0477,1
16-Jul-07,1.043,1
17-Jul-07,1.0436,1
18-Jul-07,1.0437,1
19-Jul-07,1.0426,1
20-Jul-07,1.044,1
23-Jul-07,1.0451,1
24-Jul-07,1.0372,1
25-Jul-07,1.0425,1
26-Jul-07,1.0505,1
27-Jul-07,1.059,1
30-Jul-07,1.0686,1
31-Jul-07,1.0657,1
01-Aug-07,1.0569,1
02-Aug-07,1.0527,1
03-Aug-07,1.0528,1
06-Aug-07,,1
07-Aug-07,1.0553,1
08-Aug-07,1.0499,1
09-Aug-07,1.0565,1
10-Aug-07,1.0536,1
13-Aug-07,1.0509,1
14-Aug-07,1.0636,1
15-Aug-07,1.0746,1
16-Aug-07,1.0755,1
17-Aug-07,1.0755,1
20-Aug-07,1.0582,1
21-Aug-07,1.0601,1
22-Aug-07,1.0621,1
23-Aug-07,1.0568,1
24-Aug-07,1.0525,1
27-Aug-07,1.0516,1
28-Aug-07,1.0615,1
29-Aug-07,1.0592,1
30-Aug-07,1.0567,1
31-Aug-07,1.0564,1
03-Sep-07,,1
04-Sep-07,1.0496,1
05-Sep-07,1.0508,1
06-Sep-07,1.0533,1
07-Sep-07,,1
10-Sep-07,1.0533,1
11-Sep-07,1.0431,1
12-Sep-07,1.0371,1
13-Sep-07,1.0326,1
14-Sep-07,1.0293,1
17-Sep-07,1.0308,1
18-Sep-07,1.0236,1
19-Sep-07,1.0147,1
20-Sep-07,1.0016,1
21-Sep-07,1.0009,1
24-Sep-07,1.0012,1
25-Sep-07,1.001,1
26-Sep-07,1.0048,1
27-Sep-07,1.0031,1
28-Sep-07,0.9963,1
01-Oct-07,0.9931,1
02-Oct-07,1.0004,1
03-Oct-07,0.9961,1
04-Oct-07,0.9983,1
05-Oct-07,0.9812,1
08-Oct-07,,1
09-Oct-07,0.9846,1
10-Oct-07,0.9814,1
11-Oct-07,0.9743,1
12-Oct-07,0.9739,1
15-Oct-07,0.9758,1
16-Oct-07,0.9779,1
17-Oct-07,0.9737,1
18-Oct-07,0.9734,1
19-Oct-07,0.9638,1
22-Oct-07,0.9811,1
23-Oct-07,0.9674,1
24-Oct-07,0.9712,1
25-Oct-07,0.9674,1
26-Oct-07,0.9619,1
29-Oct-07,0.9548,1
30-Oct-07,0.9535,1
31-Oct-07,0.9499,1
01-Nov-07,0.9499,1
02-Nov-07,,1
05-Nov-07,0.9339,1
06-Nov-07,0.9245,1
07-Nov-07,0.917,1
08-Nov-07,0.9306,1
09-Nov-07,0.9391,1
12-Nov-07,,1
13-Nov-07,0.9643,1
14-Nov-07,0.9607,1
15-Nov-07,0.9808,1
16-Nov-07,0.9729,1
19-Nov-07,0.9837,1
20-Nov-07,0.985,1
21-Nov-07,0.9895,1
22-Nov-07,0.9846,1
23-Nov-07,0.9884,1
26-Nov-07,0.9877,1
27-Nov-07,0.9965,1
28-Nov-07,0.9908,1
29-Nov-07,0.9929,1
30-Nov-07,1.0008,1
03-Dec-07,1.0005,1
04-Dec-07,1.0104,1
05-Dec-07,1.0131,1
06-Dec-07,1.0124,1
07-Dec-07,1.0053,1
10-Dec-07,1.0103,1
11-Dec-07,1.0108,1
12-Dec-07,1.0108,1
13-Dec-07,1.0217,1
14-Dec-07,1.0137,1
17-Dec-07,1.0073,1
18-Dec-07,1.0105,1
19-Dec-07,1.0056,1
20-Dec-07,,1
21-Dec-07,,1
24-Dec-07,0.9871,1
26-Dec-07,,1
27-Dec-07,0.9811,1
28-Dec-07,0.9785,1
31-Dec-07,0.9881,1
02-Jan-08,0.9927,1
03-Jan-08,0.9905,1
04-Jan-08,0.9991,1
07-Jan-08,1.0051,1
08-Jan-08,0.9986,1
09-Jan-08,1.0085,1
10-Jan-08,1.0139,1
11-Jan-08,1.0199,1
14-Jan-08,1.0211,1
15-Jan-08,1.0169,1
16-Jan-08,1.0239,1
17-Jan-08,1.0293,1
18-Jan-08,1.0295,1
21-Jan-08,1.0324,1
22-Jan-08,1.0253,1
23-Jan-08,1.0286,1
24-Jan-08,1.0072,1
25-Jan-08,1.0324,1
28-Jan-08,1.0044,1
29-Jan-08,0.9977,1
30-Jan-08,0.9937,1
31-Jan-08,1.0022,1
01-Feb-08,0.9943,1
04-Feb-08,0.9931,1
05-Feb-08,1.0043,1
06-Feb-08,1.0026,1
07-Feb-08,1.0115,1
08-Feb-08,0.9991,1
11-Feb-08,1.0017,1
12-Feb-08,0.9963,1
13-Feb-08,0.9995,1
14-Feb-08,0.997,1
15-Feb-08,1.0016,1
18-Feb-08,1.0071,1
19-Feb-08,1.016,1
20-Feb-08,1.019,1
21-Feb-08,1.0087,1
22-Feb-08,1.0156,1
25-Feb-08,0.998,1
26-Feb-08,0.9859,1
27-Feb-08,0.9778,1
28-Feb-08,0.9719,1
29-Feb-08,0.9798,1
03-Mar-08,0.987,1
04-Mar-08,0.9956,1
05-Mar-08,0.9898,1
06-Mar-08,0.9848,1
07-Mar-08,0.9915,1
10-Mar-08,0.9976,1
11-Mar-08,0.9953,1
12-Mar-08,0.9897,1
13-Mar-08,0.9842,1
14-Mar-08,0.987,1
17-Mar-08,0.9978,1
18-Mar-08,0.9938,1
19-Mar-08,1.0028,1
20-Mar-08,1.0269,1
21-Mar-08,,1
24-Mar-08,1.0203,1
25-Mar-08,1.0177,1
26-Mar-08,1.018,1
27-Mar-08,1.0147,1
28-Mar-08,1.0181,1
31-Mar-08,1.0279,1
01-Apr-08,1.027,1
02-Apr-08,1.0177,1
03-Apr-08,1.0082,1
04-Apr-08,1.0091,1
07-Apr-08,1.011,1
08-Apr-08,1.015,1
09-Apr-08,1.0194,1
10-Apr-08,1.0179,1
11-Apr-08,1.0215,1
14-Apr-08,1.0208,1
15-Apr-08,1.0181,1
16-Apr-08,1.0025,1
17-Apr-08,1.0113,1
18-Apr-08,1.0084,1
21-Apr-08,1.0066,1
22-Apr-08,1.0033,1
23-Apr-08,1.0195,1
24-Apr-08,1.0132,1
25-Apr-08,1.0164,1
28-Apr-08,1.016,1
29-Apr-08,1.0131,1
30-Apr-08,1.0095,1
01-May-08,,1
02-May-08,1.0183,1
05-May-08,1.0125,1
06-May-08,1.0035,1
07-May-08,1.0021,1
08-May-08,1.0149,1
09-May-08,1.0061,1
12-May-08,1.0039,1
13-May-08,1.0005,1
14-May-08,1.002,1
15-May-08,0.9998,1
16-May-08,0.9968,1
19-May-08,,1
20-May-08,0.993,1
21-May-08,0.9844,1
22-May-08,0.9861,1
23-May-08,0.9883,1
26-May-08,0.9896,1
27-May-08,0.9932,1
28-May-08,0.9915,1
29-May-08,0.9872,1
30-May-08,0.9942,1
02-Jun-08,1.0013,1
03-Jun-08,1.0051,1
04-Jun-08,1.0145,1
05-Jun-08,1.0198,1
06-Jun-08,1.0187,1
09-Jun-08,1.0225,1
10-Jun-08,1.0243,1
11-Jun-08,1.0174,1
12-Jun-08,1.0232,1
13-Jun-08,1.0282,1
16-Jun-08,1.0211,1
17-Jun-08,1.0199,1
18-Jun-08,1.0186,1
19-Jun-08,1.0132,1
20-Jun-08,1.0172,1
23-Jun-08,1.0163,1
24-Jun-08,1.0136,1
25-Jun-08,1.0135,1
26-Jun-08,1.0121,1
27-Jun-08,1.0123,1
30-Jun-08,1.0186,1
01-Jul-08,,1
02-Jul-08,1.0129,1
03-Jul-08,1.0206,1
04-Jul-08,1.0155,1
07-Jul-08,1.0173,1
08-Jul-08,1.0207,1
09-Jul-08,1.0108,1
10-Jul-08,1.0102,1
11-Jul-08,1.0092,1
14-Jul-08,1.0061,1
15-Jul-08,1.002,1
16-Jul-08,1.0017,1
17-Jul-08,1.0016,1
18-Jul-08,1.0053,1
21-Jul-08,1.0021,1
22-Jul-08,1.0085,1
23-Jul-08,1.0088,1
24-Jul-08,1.0114,1
25-Jul-08,1.0164,1
28-Jul-08,1.0222,1
29-Jul-08,1.0261,1
30-Jul-08,1.0242,1
31-Jul-08,1.0257,1
01-Aug-08,1.0253,1
04-Aug-08,,1
05-Aug-08,1.0426,1
06-Aug-08,1.047,1
07-Aug-08,1.0511,1
08-Aug-08,1.0678,1
11-Aug-08,1.0676,1
12-Aug-08,1.064,1
13-Aug-08,1.0657,1
14-Aug-08,1.062,1
15-Aug-08,1.0609,1
18-Aug-08,1.0605,1
19-Aug-08,1.0607,1
20-Aug-08,1.0628,1
21-Aug-08,1.0456,1
22-Aug-08,1.0458,1
25-Aug-08,1.0464,1
26-Aug-08,1.0483,1
27-Aug-08,1.0486,1
28-Aug-08,1.0526,1
29-Aug-08,1.0626,1
01-Sep-08,,1
02-Sep-08,1.0701,1
03-Sep-08,1.0607,1
04-Sep-08,1.0642,1
05-Sep-08,1.0641,1
08-Sep-08,1.0696,1
09-Sep-08,1.0679,1
10-Sep-08,1.0738,1
11-Sep-08,1.0796,1
12-Sep-08,1.0609,1
15-Sep-08,1.0677,1
16-Sep-08,1.0734,1
17-Sep-08,1.0783,1
18-Sep-08,1.0701,1
19-Sep-08,1.047,1
22-Sep-08,1.0382,1
23-Sep-08,1.0355,1
24-Sep-08,1.0351,1
25-Sep-08,1.0338,1
26-Sep-08,1.0349,1
29-Sep-08,1.0394,1
30-Sep-08,1.0599,1
01-Oct-08,1.0609,1
02-Oct-08,1.0769,1
03-Oct-08,1.0812,1
06-Oct-08,1.1027,1
07-Oct-08,1.1058,1
08-Oct-08,1.1249,1
09-Oct-08,1.1486,1
10-Oct-08,1.1907,1
13-Oct-08,,1
14-Oct-08,1.1602,1
15-Oct-08,1.1802,1
16-Oct-08,1.1952,1
17-Oct-08,1.1823,1
20-Oct-08,1.1976,1
21-Oct-08,1.2202,1
22-Oct-08,1.2499,1
23-Oct-08,1.2573,1
24-Oct-08,1.2732,1
27-Oct-08,1.293,1
28-Oct-08,1.2943,1
29-Oct-08,1.2308,1
30-Oct-08,1.2221,1
31-Oct-08,1.2165,1
03-Nov-08,1.1875,1
04-Nov-08,1.1499,1
05-Nov-08,1.1596,1
06-Nov-08,1.1818,1
07-Nov-08,1.1835,1
10-Nov-08,1.1942,1
11-Nov-08,,1
12-Nov-08,1.2295,1
13-Nov-08,1.2315,1
14-Nov-08,1.2247,1
17-Nov-08,1.2211,1
18-Nov-08,1.2239,1
19-Nov-08,1.237,1
20-Nov-08,1.2855,1
21-Nov-08,1.2854,1
24-Nov-08,1.225,1
25-Nov-08,,1
26-Nov-08,1.2342,1
27-Nov-08,1.2329,1
28-Nov-08,1.2372,1
01-Dec-08,1.2377,1
02-Dec-08,1.2421,1
03-Dec-08,1.2573,1
04-Dec-08,1.254,1
05-Dec-08,1.2969,1
08-Dec-08,1.2572,1
09-Dec-08,1.2603,1
10-Dec-08,1.2557,1
11-Dec-08,1.2183,1
12-Dec-08,1.2452,1
15-Dec-08,1.2352,1
16-Dec-08,1.2239,1
17-Dec-08,1.2058,1
18-Dec-08,1.1965,1
19-Dec-08,1.2275,1
22-Dec-08,1.2188,1
23-Dec-08,1.2166,1
24-Dec-08,1.2125,1
26-Dec-08,,1
29-Dec-08,1.2167,1
30-Dec-08,1.2217,1
31-Dec-08,1.2246,1
02-Jan-09,1.2107,1
05-Jan-09,1.1914,1
06-Jan-09,1.1823,1
07-Jan-09,1.1853,1
08-Jan-09,1.1888,1
09-Jan-09,1.1923,1
12-Jan-09,1.2077,1
13-Jan-09,1.2257,1
14-Jan-09,1.2383,1
15-Jan-09,1.2625,1
16-Jan-09,1.2542,1
19-Jan-09,1.2521,1
20-Jan-09,1.2605,1
21-Jan-09,1.2741,1
22-Jan-09,1.263,1
23-Jan-09,1.248,1
26-Jan-09,1.2205,1
27-Jan-09,1.2299,1
28-Jan-09,1.2098,1
29-Jan-09,1.2188,1
30-Jan-09,1.2364,1
02-Feb-09,1.2404,1
03-Feb-09,1.2337,1
04-Feb-09,1.2266,1
05-Feb-09,1.2303,1
06-Feb-09,1.2389,1
09-Feb-09,1.2192,1
10-Feb-09,1.2332,1
11-Feb-09,1.2424,1
12-Feb-09,1.2477,1
13-Feb-09,1.2433,1
16-Feb-09,1.2437,1
17-Feb-09,1.2601,1
18-Feb-09,1.2596,1
19-Feb-09,1.2595,1
20-Feb-09,1.2541,1
23-Feb-09,1.2512,1
24-Feb-09,1.247,1
25-Feb-09,1.2556,1
26-Feb-09,1.2456,1
27-Feb-09,1.2707,1
02-Mar-09,1.289,1
03-Mar-09,1.2938,1
04-Mar-09,1.2765,1
05-Mar-09,1.2877,1
06-Mar-09,1.2863,1
09-Mar-09,1.3,1
10-Mar-09,1.2797,1
11-Mar-09,1.2807,1
12-Mar-09,1.2905,1
13-Mar-09,1.2749,1
16-Mar-09,1.2724,1
17-Mar-09,1.2718,1
18-Mar-09,1.272,1
19-Mar-09,1.2325,1
20-Mar-09,1.2371,1
23-Mar-09,1.2323,1
24-Mar-09,1.2262,1
25-Mar-09,1.2245,1
26-Mar-09,1.233,1
27-Mar-09,1.2392,1
30-Mar-09,1.259,1
31-Mar-09,1.2602,1
01-Apr-09,1.2643,1
02-Apr-09,1.2384,1
03-Apr-09,1.2337,1
06-Apr-09,,1
07-Apr-09,1.2341,1
08-Apr-09,1.2354,1
09-Apr-09,1.2274,1
10-Apr-09,,1
13-Apr-09,1.2212,1
14-Apr-09,1.2092,1
15-Apr-09,1.2038,1
16-Apr-09,1.2062,1
17-Apr-09,1.2146,1
20-Apr-09,1.2343,1
21-Apr-09,1.2358,1
22-Apr-09,1.236,1
23-Apr-09,1.229,1
24-Apr-09,1.2093,1
27-Apr-09,1.2107,1
28-Apr-09,1.2238,1
29-Apr-09,1.2008,1
30-Apr-09,1.194,1
01-May-09,1.1872,1
04-May-09,1.1781,1
05-May-09,1.176,1
06-May-09,1.1731,1
07-May-09,1.1714,1
08-May-09,1.1581,1
11-May-09,1.1591,1
12-May-09,1.1676,1
13-May-09,1.1683,1
14-May-09,1.1727,1
15-May-09,1.1756,1
18-May-09,,1
19-May-09,1.1569,1
20-May-09,1.1434,1
21-May-09,1.1414,1
22-May-09,1.1233,1
25-May-09,1.1258,1
26-May-09,1.1199,1
27-May-09,1.112,1
28-May-09,1.1124,1
29-May-09,1.0961,1
01-Jun-09,1.0872,1
02-Jun-09,1.0827,1
03-Jun-09,1.0976,1
04-Jun-09,1.0999,1
05-Jun-09,,1
08-Jun-09,1.123,1
09-Jun-09,1.1041,1
10-Jun-09,1.1101,1
11-Jun-09,1.0982,1
12-Jun-09,1.1177,1
15-Jun-09,1.1341,1
16-Jun-09,1.1327,1
17-Jun-09,1.1371,1
18-Jun-09,1.1273,1
19-Jun-09,,1
22-Jun-09,1.1547,1
23-Jun-09,1.156,1
24-Jun-09,1.1461,1
25-Jun-09,1.158,1
26-Jun-09,1.1531,1
29-Jun-09,1.1583,1
30-Jun-09,1.1625,1
01-Jul-09,,1
02-Jul-09,1.1604,1
03-Jul-09,1.1621,1
06-Jul-09,1.1612,1
07-Jul-09,1.1631,1
08-Jul-09,1.1655,1
09-Jul-09,1.1622,1
10-Jul-09,1.165,1
13-Jul-09,,1
14-Jul-09,1.1368,1
15-Jul-09,1.1194,1
16-Jul-09,1.1171,1
17-Jul-09,1.1168,1
20-Jul-09,1.1067,1
21-Jul-09,1.1078,1
22-Jul-09,1.0981,1
23-Jul-09,1.0867,1
24-Jul-09,1.0842,1
27-Jul-09,1.0835,1
28-Jul-09,1.088,1
29-Jul-09,1.0889,1
30-Jul-09,1.0815,1
31-Jul-09,1.079,1
03-Aug-09,,1
04-Aug-09,1.0686,1
05-Aug-09,1.072,1
06-Aug-09,1.0759,1
07-Aug-09,1.0837,1
10-Aug-09,1.0848,1
11-Aug-09,1.0988,1
12-Aug-09,1.0875,1
13-Aug-09,1.0852,1
14-Aug-09,1.0971,1
17-Aug-09,1.1079,1
18-Aug-09,1.1036,1
19-Aug-09,1.0969,1
20-Aug-09,1.0902,1
21-Aug-09,1.0799,1
24-Aug-09,1.0742,1
25-Aug-09,1.0782,1
26-Aug-09,1.0991,1
27-Aug-09,1.096,1
28-Aug-09,1.0879,1
31-Aug-09,1.0967,1
01-Sep-09,1.1031,1
02-Sep-09,1.1065,1
03-Sep-09,1.1034,1
04-Sep-09,1.0889,1
07-Sep-09,,1
08-Sep-09,1.0764,1
09-Sep-09,1.0787,1
10-Sep-09,1.0812,1
11-Sep-09,1.0746,1
14-Sep-09,1.0857,1
15-Sep-09,1.0763,1
16-Sep-09,1.0663,1
17-Sep-09,1.0613,1
18-Sep-09,1.0724,1
21-Sep-09,1.0777,1
22-Sep-09,1.0683,1
23-Sep-09,,1
24-Sep-09,1.0869,1
25-Sep-09,1.0915,1
28-Sep-09,1.0861,1
29-Sep-09,1.0871,1
30-Sep-09,1.0722,1
01-Oct-09,1.0774,1
02-Oct-09,1.0845,1
05-Oct-09,1.0757,1
06-Oct-09,1.0571,1
07-Oct-09,1.0619,1
08-Oct-09,1.0535,1
09-Oct-09,1.0424,1
12-Oct-09,,1
13-Oct-09,1.0298,1
14-Oct-09,1.0292,1
15-Oct-09,1.0303,1
16-Oct-09,1.0389,1
19-Oct-09,1.0308,1
20-Oct-09,1.05,1
21-Oct-09,1.0412,1
22-Oct-09,1.0485,1
23-Oct-09,1.0508,1
26-Oct-09,1.0616,1
27-Oct-09,1.0648,1
28-Oct-09,1.0756,1
29-Oct-09,1.0705,1
30-Oct-09,1.0774,1
02-Nov-09,1.0743,1
03-Nov-09,1.0704,1
04-Nov-09,1.0647,1
05-Nov-09,1.0651,1
06-Nov-09,1.072,1
09-Nov-09,1.0566,1
10-Nov-09,1.0518,1
11-Nov-09,,1
12-Nov-09,1.0519,1
13-Nov-09,1.0508,1
16-Nov-09,1.046,1
17-Nov-09,1.0592,1
18-Nov-09,1.05,1
19-Nov-09,1.0638,1
20-Nov-09,1.0696,1
23-Nov-09,1.0551,1
24-Nov-09,1.0608,1
25-Nov-09,1.0501,1
26-Nov-09,1.0595,1
27-Nov-09,1.0624,1
30-Nov-09,1.0574,1
01-Dec-09,1.0432,1
02-Dec-09,1.0468,1
03-Dec-09,1.0542,1
04-Dec-09,1.0517,1
07-Dec-09,1.0511,1
08-Dec-09,1.0604,1
09-Dec-09,1.0552,1
10-Dec-09,1.0519,1
11-Dec-09,1.0585,1
14-Dec-09,1.0593,1
15-Dec-09,1.062,1
16-Dec-09,1.058,1
17-Dec-09,1.0713,1
18-Dec-09,1.0678,1
21-Dec-09,1.0594,1
22-Dec-09,1.0556,1
23-Dec-09,1.0476,1
24-Dec-09,1.0488,1
28-Dec-09,,1
29-Dec-09,1.0405,1
30-Dec-09,1.0525,1
31-Dec-09,1.0466,1
04-Jan-10,1.0378,1
05-Jan-10,1.0372,1
06-Jan-10,1.0334,1
07-Jan-10,1.0351,1
08-Jan-10,1.0344,1
11-Jan-10,1.0317,1
12-Jan-10,1.0375,1
13-Jan-10,1.0322,1
14-Jan-10,1.0261,1
15-Jan-10,1.0287,1
18-Jan-10,1.0251,1
19-Jan-10,1.0328,1
20-Jan-10,1.0478,1
21-Jan-10,1.0487,1
22-Jan-10,1.0564,1
25-Jan-10,1.0582,1
26-Jan-10,1.0606,1
27-Jan-10,1.0657,1
28-Jan-10,1.0643,1
29-Jan-10,1.065,1
01-Feb-10,1.0653,1
02-Feb-10,1.0607,1
03-Feb-10,1.0609,1
04-Feb-10,1.0734,1
05-Feb-10,1.0725,1
08-Feb-10,1.0692,1
09-Feb-10,1.069,1
10-Feb-10,1.0671,1
11-Feb-10,1.0523,1
12-Feb-10,1.0531,1
15-Feb-10,1.048,1
16-Feb-10,1.0426,1
17-Feb-10,1.0455,1
18-Feb-10,1.0452,1
19-Feb-10,1.042,1
22-Feb-10,1.0428,1
23-Feb-10,1.0517,1
24-Feb-10,1.055,1
25-Feb-10,1.0675,1
26-Feb-10,1.0526,1
01-Mar-10,1.0421,1
02-Mar-10,1.0326,1
03-Mar-10,1.0287,1
04-Mar-10,1.0309,1
05-Mar-10,1.0286,1
08-Mar-10,1.0286,1
09-Mar-10,1.0251,1
10-Mar-10,1.0243,1
11-Mar-10,1.0265,1
12-Mar-10,1.0187,1
15-Mar-10,1.0217,1
16-Mar-10,1.0148,1
17-Mar-10,1.0113,1
18-Mar-10,1.0139,1
19-Mar-10,1.0155,1
22-Mar-10,1.0193,1
23-Mar-10,1.0178,1
24-Mar-10,1.0267,1
25-Mar-10,1.0188,1
26-Mar-10,1.0285,1
29-Mar-10,1.0203,1
30-Mar-10,1.0188,1
31-Mar-10,1.0156,1
01-Apr-10,1.0075,1
02-Apr-10,,1
05-Apr-10,,1
06-Apr-10,1.0001,1
07-Apr-10,1.003,1
08-Apr-10,1.002,1
09-Apr-10,1.0055,1
12-Apr-10,1.0015,1
13-Apr-10,1.0028,1
14-Apr-10,0.9961,1
15-Apr-10,1.0014,1
16-Apr-10,1.0148,1
19-Apr-10,1.0201,1
20-Apr-10,0.9986,1
21-Apr-10,0.9984,1
22-Apr-10,1.0013,1
23-Apr-10,1.0027,1
26-Apr-10,1.0009,1
27-Apr-10,1.0173,1
28-Apr-10,1.0128,1
29-Apr-10,1.0054,1
30-Apr-10,1.0116,1
03-May-10,1.0134,1
04-May-10,1.0216,1
05-May-10,1.0266,1
06-May-10,1.0437,1
07-May-10,1.0431,1
10-May-10,1.0246,1
11-May-10,1.0195,1
12-May-10,1.0201,1
13-May-10,1.0149,1
14-May-10,1.0344,1
17-May-10,1.0405,1
18-May-10,1.033,1
19-May-10,1.0515,1
20-May-10,1.0659,1
21-May-10,1.057,1
24-May-10,,1
25-May-10,1.0778,1
26-May-10,1.0651,1
27-May-10,1.0496,1
28-May-10,1.0499,1
01-Jun-10,1.0479,1
02-Jun-10,1.0404,1
03-Jun-10,1.0416,1
04-Jun-10,1.0516,1
07-Jun-10,1.054,1
08-Jun-10,1.0518,1
09-Jun-10,1.0395,1
10-Jun-10,1.0337,1
11-Jun-10,1.0333,1
14-Jun-10,1.0253,1
15-Jun-10,1.0288,1
16-Jun-10,1.0236,1
17-Jun-10,1.0284,1
18-Jun-10,1.0238,1
21-Jun-10,1.0199,1
22-Jun-10,1.0201,1
23-Jun-10,1.0434,1
24-Jun-10,1.0432,1
25-Jun-10,1.037,1
28-Jun-10,1.0337,1
29-Jun-10,1.0529,1
30-Jun-10,1.0606,1
01-Jul-10,,1
02-Jul-10,1.0649,1
05-Jul-10,,1
06-Jul-10,1.0498,1
07-Jul-10,1.0527,1
08-Jul-10,1.0446,1
09-Jul-10,,1
12-Jul-10,1.0379,1
13-Jul-10,1.0284,1
14-Jul-10,1.0306,1
15-Jul-10,1.0403,1
16-Jul-10,1.0537,1
19-Jul-10,1.0559,1
20-Jul-10,1.0526,1
21-Jul-10,1.0427,1
22-Jul-10,1.0376,1
23-Jul-10,1.0373,1
26-Jul-10,1.0312,1
27-Jul-10,1.0357,1
28-Jul-10,1.0357,1
29-Jul-10,1.037,1
30-Jul-10,1.029,1
02-Aug-10,,1
03-Aug-10,1.0225,1
04-Aug-10,1.0185,1
05-Aug-10,1.0158,1
06-Aug-10,1.0273,1
09-Aug-10,1.0266,1
10-Aug-10,1.0348,1
11-Aug-10,1.0456,1
12-Aug-10,1.0434,1
13-Aug-10,1.0402,1
16-Aug-10,1.0432,1
17-Aug-10,,1
18-Aug-10,1.0289,1
19-Aug-10,1.0399,1
20-Aug-10,1.05,1
23-Aug-10,1.0514,1
24-Aug-10,1.0563,1
25-Aug-10,1.0642,1
26-Aug-10,1.0546,1
27-Aug-10,1.0546,1
30-Aug-10,1.0562,1
31-Aug-10,1.0639,1
01-Sep-10,1.0497,1
02-Sep-10,1.052,1
03-Sep-10,1.0411,1
07-Sep-10,1.0427,1
08-Sep-10,1.0359,1
09-Sep-10,1.0328,1
10-Sep-10,1.0358,1
13-Sep-10,1.0279,1
14-Sep-10,1.0222,1
15-Sep-10,1.0282,1
16-Sep-10,1.0274,1
17-Sep-10,1.0331,1
20-Sep-10,1.0281,1
21-Sep-10,1.0315,1
22-Sep-10,1.0327,1
23-Sep-10,1.031,1
24-Sep-10,1.0263,1
27-Sep-10,1.026,1
28-Sep-10,1.0306,1
29-Sep-10,1.03,1
30-Sep-10,1.0298,1
01-Oct-10,1.0215,1
04-Oct-10,1.0234,1
05-Oct-10,1.0168,1
06-Oct-10,1.0073,1
07-Oct-10,1.0166,1
08-Oct-10,1.0136,1
12-Oct-10,1.011,1
13-Oct-10,1.003,1
14-Oct-10,1.0036,1
15-Oct-10,1.0108,1
18-Oct-10,1.0149,1
19-Oct-10,1.0298,1
20-Oct-10,1.0245,1
21-Oct-10,1.0233,1
22-Oct-10,1.0263,1
25-Oct-10,1.0198,1
26-Oct-10,1.0223,1
27-Oct-10,1.032,1
28-Oct-10,1.0202,1
29-Oct-10,1.0188,1
01-Nov-10,1.0136,1
02-Nov-10,1.0099,1
03-Nov-10,1.0092,1
04-Nov-10,1.0024,1
05-Nov-10,1.0015,1
08-Nov-10,1.0022,1
09-Nov-10,1.0013,1
10-Nov-10,1.0017,1
11-Nov-10,,1
12-Nov-10,1.008,1
15-Nov-10,1.0065,1
16-Nov-10,1.0231,1
17-Nov-10,1.0207,1
18-Nov-10,1.0174,1
19-Nov-10,1.0208,1
22-Nov-10,1.0187,1
23-Nov-10,1.0245,1
24-Nov-10,1.0108,1
26-Nov-10,,1
29-Nov-10,1.0227,1
30-Nov-10,1.0264,1
01-Dec-10,1.016,1
02-Dec-10,1.0046,1
03-Dec-10,1.006,1
06-Dec-10,1.0058,1
07-Dec-10,1.0093,1
08-Dec-10,,1
09-Dec-10,1.0098,1
10-Dec-10,1.0093,1
13-Dec-10,1.0046,1
14-Dec-10,1.0041,1
15-Dec-10,1.0035,1
16-Dec-10,1.0056,1
17-Dec-10,1.0124,1
20-Dec-10,1.0178,1
21-Dec-10,1.0175,1
22-Dec-10,1.0148,1
23-Dec-10,1.0095,1
27-Dec-10,,1
28-Dec-10,,1
29-Dec-10,1.0003,1
30-Dec-10,1.0009,1
03-Jan-11,,1
04-Jan-11,0.9986,1
05-Jan-11,0.9947,1
06-Jan-11,0.9954,1
07-Jan-11,0.9934,1
10-Jan-11,0.9925,1
11-Jan-11,0.9903,1
12-Jan-11,,1
13-Jan-11,0.9868,1
14-Jan-11,0.9904,1
18-Jan-11,0.9911,1
19-Jan-11,0.9939,1
20-Jan-11,1.0001,1
21-Jan-11,0.9945,1
24-Jan-11,0.9934,1
25-Jan-11,0.9986,1
26-Jan-11,0.9953,1
27-Jan-11,0.9941,1
28-Jan-11,0.999,1
31-Jan-11,1.0022,1
01-Feb-11,0.9922,1
02-Feb-11,0.9883,1
03-Feb-11,0.9901,1
04-Feb-11,0.9901,1
07-Feb-11,,1
08-Feb-11,0.9906,1
09-Feb-11,,1
10-Feb-11,0.9955,1
11-Feb-11,,1
14-Feb-11,0.9885,1
15-Feb-11,0.9887,1
16-Feb-11,0.9855,1
17-Feb-11,0.9839,1
18-Feb-11,,1
22-Feb-11,0.9859,1
23-Feb-11,0.9924,1
24-Feb-11,0.9842,1
25-Feb-11,0.9809,1
28-Feb-11,0.9739,1
01-Mar-11,0.9743,1
02-Mar-11,0.9734,1
03-Mar-11,0.9747,1
04-Mar-11,0.9714,1
07-Mar-11,0.9738,1
08-Mar-11,0.9713,1
09-Mar-11,0.9686,1
10-Mar-11,0.9731,1
11-Mar-11,0.9734,1
14-Mar-11,0.9759,1
15-Mar-11,0.983,1
16-Mar-11,0.9918,1
17-Mar-11,0.9885,1
18-Mar-11,,1
21-Mar-11,0.9774,1
22-Mar-11,0.9768,1
23-Mar-11,0.9821,1
24-Mar-11,0.9748,1
25-Mar-11,0.9778,1
28-Mar-11,0.9758,1
29-Mar-11,,1
30-Mar-11,0.9714,1
31-Mar-11,0.9718,1
01-Apr-11,0.9629,1
04-Apr-11,0.9679,1
05-Apr-11,0.9636,1
06-Apr-11,0.9588,1
07-Apr-11,0.9593,1
08-Apr-11,,1
11-Apr-11,0.9547,1
12-Apr-11,0.9625,1
13-Apr-11,0.964,1
14-Apr-11,0.9626,1
15-Apr-11,0.9615,1
18-Apr-11,0.9691,1
19-Apr-11,0.9571,1
20-Apr-11,0.9524,1
21-Apr-11,0.9519,1
22-Apr-11,,1
25-Apr-11,0.9541,1
26-Apr-11,0.9507,1
27-Apr-11,0.9549,1
28-Apr-11,0.9511,1
29-Apr-11,0.9486,1
02-May-11,0.9492,1
03-May-11,0.949,1
04-May-11,0.958,1
05-May-11,0.9669,1
06-May-11,0.9617,1
09-May-11,0.9661,1
10-May-11,0.961,1
11-May-11,0.9582,1
12-May-11,0.9658,1
13-May-11,0.9709,1
16-May-11,,1
17-May-11,0.9773,1
18-May-11,0.9723,1
19-May-11,1.0308,1
20-May-11,0.9735,1
23-May-11,,1
24-May-11,0.9774,1
25-May-11,0.9765,1
26-May-11,0.9809,1
27-May-11,0.9771,1
31-May-11,0.9688,1
01-Jun-11,0.9714,1
02-Jun-11,0.9793,1
03-Jun-11,0.977,1
06-Jun-11,0.9785,1
07-Jun-11,0.9745,1
08-Jun-11,0.978,1
09-Jun-11,0.9732,1
10-Jun-11,0.9768,1
13-Jun-11,0.9779,1
14-Jun-11,0.9686,1
15-Jun-11,0.978,1
16-Jun-11,0.9843,1
17-Jun-11,0.9797,1
20-Jun-11,0.9785,1
21-Jun-11,0.9724,1
22-Jun-11,0.9726,1
23-Jun-11,0.9799,1
24-Jun-11,0.9849,1
27-Jun-11,0.9861,1
28-Jun-11,0.9821,1
29-Jun-11,0.9705,1
30-Jun-11,0.9643,1
01-Jul-11,,1
05-Jul-11,0.9608,1
06-Jul-11,0.9657,1
07-Jul-11,0.9586,1
08-Jul-11,0.9627,1
11-Jul-11,0.9666,1
12-Jul-11,0.9668,1
13-Jul-11,0.9582,1
14-Jul-11,0.9585,1
15-Jul-11,0.9536,1
18-Jul-11,0.9615,1
19-Jul-11,0.9506,1
20-Jul-11,,1
21-Jul-11,0.9451,1
22-Jul-11,0.9502,1
25-Jul-11,0.9449,1
26-Jul-11,0.9449,1
27-Jul-11,0.9474,1
28-Jul-11,0.9484,1
29-Jul-11,0.9538,1
01-Aug-11,,1
02-Aug-11,0.958,1
03-Aug-11,0.9634,1
04-Aug-11,0.9767,1
05-Aug-11,0.9843,1
08-Aug-11,0.989,1
09-Aug-11,0.9893,1
10-Aug-11,,1
11-Aug-11,0.9892,1
12-Aug-11,0.9879,1
15-Aug-11,0.9838,1
16-Aug-11,0.9817,1
17-Aug-11,0.982,1
18-Aug-11,0.9901,1
19-Aug-11,0.9849,1
22-Aug-11,0.9901,1
23-Aug-11,0.9877,1
24-Aug-11,0.988,1
25-Aug-11,0.9843,1
26-Aug-11,0.9853,1
29-Aug-11,0.978,1
30-Aug-11,0.9793,1
31-Aug-11,0.9784,1
01-Sep-11,0.9752,1
02-Sep-11,0.9815,1
06-Sep-11,0.991,1
07-Sep-11,0.9883,1
08-Sep-11,0.9859,1
09-Sep-11,,1
12-Sep-11,0.9957,1
13-Sep-11,0.9902,1
14-Sep-11,0.9913,1
15-Sep-11,0.9869,1
16-Sep-11,0.9814,1
19-Sep-11,0.9898,1
20-Sep-11,0.9924,1
21-Sep-11,0.9986,1
22-Sep-11,1.0329,1
23-Sep-11,1.0282,1
26-Sep-11,1.0339,1
27-Sep-11,1.0191,1
28-Sep-11,1.0225,1
29-Sep-11,1.0338,1
30-Sep-11,1.0389,1
03-Oct-11,1.044,1
04-Oct-11,1.0604,1
05-Oct-11,,1
06-Oct-11,1.043,1
07-Oct-11,1.0328,1
11-Oct-11,1.0287,1
12-Oct-11,1.0164,1
13-Oct-11,1.0238,1
14-Oct-11,1.0147,1
17-Oct-11,1.0152,1
18-Oct-11,1.0163,1
19-Oct-11,1.0136,1
20-Oct-11,1.0218,1
21-Oct-11,,1
24-Oct-11,1.0039,1
25-Oct-11,1.0144,1
26-Oct-11,1.0101,1
27-Oct-11,0.9942,1
28-Oct-11,0.9957,1
31-Oct-11,0.9935,1
01-Nov-11,1.0198,1
02-Nov-11,1.0126,1
03-Nov-11,1.0127,1
04-Nov-11,1.018,1
07-Nov-11,1.0172,1
08-Nov-11,1.014,1
09-Nov-11,1.0173,1
10-Nov-11,1.019,1
11-Nov-11,,1
14-Nov-11,1.0178,1
15-Nov-11,1.0235,1
16-Nov-11,1.0206,1
17-Nov-11,1.0226,1
18-Nov-11,1.0262,1
21-Nov-11,1.0385,1
22-Nov-11,1.0368,1
23-Nov-11,1.048,1
28-Nov-11,1.0327,1
29-Nov-11,1.0296,1
30-Nov-11,1.0197,1
01-Dec-11,1.0174,1
02-Dec-11,1.0165,1
05-Dec-11,1.0141,1
06-Dec-11,1.0117,1
07-Dec-11,1.0105,1
08-Dec-11,1.0193,1
09-Dec-11,1.0201,1
12-Dec-11,1.0275,1
13-Dec-11,1.0284,1
14-Dec-11,1.0406,1
15-Dec-11,1.0337,1
16-Dec-11,1.0388,1
19-Dec-11,1.0364,1
20-Dec-11,1.0285,1
21-Dec-11,1.0286,1
22-Dec-11,1.0214,1
23-Dec-11,1.0208,1
27-Dec-11,,1
28-Dec-11,1.0234,1
29-Dec-11,1.021,1
30-Dec-11,,1
03-Jan-12,1.009,1
04-Jan-12,1.0135,1
05-Jan-12,1.0197,1
06-Jan-12,1.0232,1
09-Jan-12,1.0272,1
10-Jan-12,1.0164,1
11-Jan-12,1.0192,1
12-Jan-12,1.0198,1
13-Jan-12,1.0245,1
17-Jan-12,1.0132,1
18-Jan-12,1.014,1
19-Jan-12,1.0095,1
20-Jan-12,1.0143,1
23-Jan-12,1.008,1
24-Jan-12,1.0097,1
25-Jan-12,1.012,1
26-Jan-12,0.9986,1
27-Jan-12,1.0013,1
30-Jan-12,1.0032,1
31-Jan-12,1.0052,1
01-Feb-12,0.9971,1
02-Feb-12,,1
03-Feb-12,0.9945,1
06-Feb-12,0.9954,1
07-Feb-12,0.9948,1
08-Feb-12,0.997,1
09-Feb-12,0.9941,1
10-Feb-12,1.0016,1
13-Feb-12,0.9996,1
14-Feb-12,0.9991,1
15-Feb-12,0.9965,1
16-Feb-12,0.9962,1
17-Feb-12,0.997,1
21-Feb-12,0.9955,1
22-Feb-12,1,1
23-Feb-12,0.9985,1
24-Feb-12,0.9988,1
27-Feb-12,0.9983,1
28-Feb-12,0.9956,1
29-Feb-12,0.9866,1
01-Mar-12,0.9849,1
02-Mar-12,0.9888,1
05-Mar-12,0.9936,1
06-Mar-12,1.0015,1
07-Mar-12,0.9993,1
08-Mar-12,0.9921,1
09-Mar-12,0.9895,1
12-Mar-12,0.9935,1
13-Mar-12,0.9905,1
14-Mar-12,0.9915,1
15-Mar-12,0.9929,1
16-Mar-12,0.9914,1
19-Mar-12,0.988,1
20-Mar-12,0.9933,1
21-Mar-12,0.9931,1
22-Mar-12,1.0003,1
23-Mar-12,0.9982,1
26-Mar-12,0.9922,1
27-Mar-12,0.9928,1
28-Mar-12,0.9984,1
29-Mar-12,0.9999,1
30-Mar-12,0.9991,1
02-Apr-12,0.9917,1
03-Apr-12,0.991,1
04-Apr-12,0.9962,1
05-Apr-12,0.9928,1
06-Apr-12,,1
09-Apr-12,0.9972,1
10-Apr-12,1.0028,1
11-Apr-12,1.0039,1
12-Apr-12,0.995,1
13-Apr-12,0.9979,1
16-Apr-12,1.0024,1
17-Apr-12,0.9878,1
18-Apr-12,0.9902,1
19-Apr-12,0.9927,1
20-Apr-12,0.9911,1
23-Apr-12,0.9936,1
24-Apr-12,0.9883,1
25-Apr-12,0.9848,1
26-Apr-12,0.9841,1
27-Apr-12,0.9807,1
30-Apr-12,0.9884,1
01-May-12,0.9839,1
02-May-12,0.9891,1
03-May-12,0.9868,1
04-May-12,0.9956,1
07-May-12,0.9935,1
08-May-12,0.9997,1
09-May-12,1.0015,1
10-May-12,1.0017,1
11-May-12,0.9968,1
14-May-12,1.0019,1
15-May-12,1.0029,1
16-May-12,1.0102,1
17-May-12,1.0164,1
18-May-12,1.021,1
21-May-12,,1
22-May-12,1.0191,1
23-May-12,1.0275,1
24-May-12,1.0275,1
25-May-12,1.0285,1
29-May-12,1.0253,1
30-May-12,1.0286,1
31-May-12,1.0349,1
01-Jun-12,1.038,1
04-Jun-12,1.0418,1
05-Jun-12,1.0414,1
06-Jun-12,1.0297,1
07-Jun-12,1.0244,1
08-Jun-12,1.0332,1
11-Jun-12,1.0283,1
12-Jun-12,1.0268,1
13-Jun-12,1.027,1
14-Jun-12,1.0247,1
15-Jun-12,1.0244,1
18-Jun-12,1.0266,1
19-Jun-12,1.0178,1
20-Jun-12,1.0194,1
21-Jun-12,1.0251,1
22-Jun-12,1.026,1
25-Jun-12,1.0303,1
26-Jun-12,1.0265,1
27-Jun-12,1.0257,1
28-Jun-12,1.0333,1
29-Jun-12,1.0191,1
02-Jul-12,,1
03-Jul-12,1.0123,1
05-Jul-12,1.0131,1
06-Jul-12,1.0199,1
09-Jul-12,1.0212,1
10-Jul-12,1.0203,1
11-Jul-12,1.0195,1
12-Jul-12,1.0214,1
13-Jul-12,1.0151,1
16-Jul-12,1.0157,1
17-Jul-12,1.0141,1
18-Jul-12,1.0112,1
19-Jul-12,1.0077,1
20-Jul-12,1.0114,1
23-Jul-12,1.0172,1
24-Jul-12,1.0208,1
25-Jul-12,1.0181,1
26-Jul-12,1.0101,1
27-Jul-12,1.006,1
30-Jul-12,1.0033,1
31-Jul-12,1.0014,1
01-Aug-12,1.0017,1
02-Aug-12,1.0062,1
03-Aug-12,0.9986,1
06-Aug-12,,1
07-Aug-12,0.9964,1
08-Aug-12,0.9947,1
09-Aug-12,0.9924,1
10-Aug-12,0.9916,1
13-Aug-12,0.9933,1
14-Aug-12,0.9914,1
15-Aug-12,0.9891,1
16-Aug-12,0.9881,1
17-Aug-12,0.9885,1
20-Aug-12,0.989,1
21-Aug-12,0.9864,1
22-Aug-12,0.9929,1
23-Aug-12,0.9928,1
24-Aug-12,0.992,1
27-Aug-12,0.9892,1
28-Aug-12,0.9864,1
29-Aug-12,0.9875,1
30-Aug-12,0.9926,1
31-Aug-12,0.9863,1
04-Sep-12,0.9863,1
05-Sep-12,0.9902,1
06-Sep-12,0.9825,1
07-Sep-12,0.9778,1
10-Sep-12,0.9762,1
11-Sep-12,0.9724,1
12-Sep-12,0.9757,1
13-Sep-12,0.9753,1
14-Sep-12,0.971,1
17-Sep-12,0.9723,1
18-Sep-12,0.9742,1
19-Sep-12,0.9745,1
20-Sep-12,0.9774,1
21-Sep-12,,1
24-Sep-12,0.9801,1
25-Sep-12,0.977,1
26-Sep-12,0.9842,1
27-Sep-12,0.9814,1
28-Sep-12,0.9837,1
01-Oct-12,0.9827,1
02-Oct-12,0.9829,1
03-Oct-12,0.987,1
04-Oct-12,0.9822,1
05-Oct-12,0.9763,1
09-Oct-12,0.9788,1
10-Oct-12,0.9787,1
11-Oct-12,0.9782,1
12-Oct-12,0.9799,1
15-Oct-12,0.9784,1
16-Oct-12,0.9854,1
17-Oct-12,0.9796,1
18-Oct-12,0.9808,1
19-Oct-12,0.9932,1
22-Oct-12,0.9938,1
23-Oct-12,0.9934,1
24-Oct-12,0.9946,1
25-Oct-12,0.9942,1
26-Oct-12,0.999,1
29-Oct-12,,1
30-Oct-12,,1
31-Oct-12,0.9996,1
01-Nov-12,,1
02-Nov-12,0.9964,1
05-Nov-12,0.9965,1
06-Nov-12,0.9936,1
07-Nov-12,0.9972,1
08-Nov-12,0.9986,1
09-Nov-12,1.0006,1
12-Nov-12,,1
13-Nov-12,1.0016,1
14-Nov-12,1.0018,1
15-Nov-12,,1
16-Nov-12,1.0028,1
19-Nov-12,0.9964,1
20-Nov-12,0.997,1
21-Nov-12,0.998,1
26-Nov-12,0.9949,1
27-Nov-12,0.9936,1
28-Nov-12,0.9929,1
29-Nov-12,0.993,1
30-Nov-12,0.9932,1
03-Dec-12,0.9928,1
04-Dec-12,0.9927,1
05-Dec-12,0.9912,1
06-Dec-12,0.991,1
07-Dec-12,0.989,1
10-Dec-12,0.9872,1
11-Dec-12,0.9867,1
12-Dec-12,0.9854,1
13-Dec-12,,1
14-Dec-12,0.986,1
17-Dec-12,0.9841,1
18-Dec-12,0.9854,1
19-Dec-12,0.9868,1
20-Dec-12,0.9883,1
21-Dec-12,0.9942,1
26-Dec-12,,1
27-Dec-12,0.9949,1
28-Dec-12,0.9952,1
02-Jan-13,0.9859,1
03-Jan-13,0.9853,1
04-Jan-13,0.9856,1
07-Jan-13,0.986,1
08-Jan-13,0.9873,1
09-Jan-13,0.9868,1
10-Jan-13,0.986,1
11-Jan-13,0.9841,1
14-Jan-13,0.984,1
15-Jan-13,0.9839,1
16-Jan-13,0.985,1
17-Jan-13,0.9853,1
18-Jan-13,0.9937,1
22-Jan-13,0.9934,1
23-Jan-13,0.9986,1
24-Jan-13,1.0026,1
25-Jan-13,1.0078,1
28-Jan-13,1.0069,1
29-Jan-13,1.0029,1
30-Jan-13,1.0033,1
31-Jan-13,0.9992,1
01-Feb-13,0.9987,1
04-Feb-13,0.9977,1
05-Feb-13,0.9972,1
06-Feb-13,0.996,1
07-Feb-13,0.9993,1
08-Feb-13,1.002,1
11-Feb-13,,1
12-Feb-13,1.0029,1
13-Feb-13,1.002,1
14-Feb-13,1.0008,1
15-Feb-13,1.007,1
19-Feb-13,1.0118,1
20-Feb-13,1.0163,1
21-Feb-13,1.0185,1
22-Feb-13,1.0224,1
25-Feb-13,1.0265,1
26-Feb-13,1.028,1
27-Feb-13,1.025,1
28-Feb-13,1.0285,1
01-Mar-13,1.0285,1
04-Mar-13,1.0298,1
05-Mar-13,1.029,1
06-Mar-13,,1
07-Mar-13,1.0302,1
08-Mar-13,1.0273,1
11-Mar-13,1.0268,1
12-Mar-13,1.0254,1
13-Mar-13,1.0273,1
14-Mar-13,1.0261,1
15-Mar-13,1.0193,1
18-Mar-13,1.0217,1
19-Mar-13,1.0274,1
20-Mar-13,1.0268,1
21-Mar-13,1.0241,1
22-Mar-13,1.0225,1
25-Mar-13,1.0218,1
26-Mar-13,1.0166,1
27-Mar-13,,1
28-Mar-13,1.0156,1
29-Mar-13,,1
01-Apr-13,1.0167,1
02-Apr-13,1.0148,1
03-Apr-13,1.0134,1
04-Apr-13,1.0139,1
05-Apr-13,1.0191,1
08-Apr-13,1.0198,1
09-Apr-13,1.0162,1
10-Apr-13,1.015,1
11-Apr-13,1.0107,1
12-Apr-13,1.0134,1
15-Apr-13,1.0206,1
16-Apr-13,1.023,1
17-Apr-13,1.0262,1
18-Apr-13,1.0255,1
19-Apr-13,1.0264,1
22-Apr-13,1.0263,1
23-Apr-13,1.0259,1
24-Apr-13,1.027,1
25-Apr-13,1.0194,1
26-Apr-13,1.017,1
29-Apr-13,1.0138,1
30-Apr-13,1.0072,1
01-May-13,1.0084,1
02-May-13,1.0083,1
03-May-13,1.0079,1
06-May-13,1.0075,1
07-May-13,1.0052,1
08-May-13,1.0023,1
09-May-13,1.0027,1
10-May-13,1.0124,1
13-May-13,1.0108,1
14-May-13,1.0148,1
15-May-13,1.0173,1
16-May-13,1.0163,1
17-May-13,1.0269,1
20-May-13,,1
21-May-13,1.0277,1
22-May-13,1.0333,1
23-May-13,1.031,1
24-May-13,1.0323,1
28-May-13,1.0371,1
29-May-13,1.037,1
30-May-13,1.0309,1
31-May-13,1.0339,1
03-Jun-13,1.0291,1
04-Jun-13,1.0348,1
05-Jun-13,1.0345,1
06-Jun-13,1.0238,1
07-Jun-13,1.021,1
10-Jun-13,1.0187,1
11-Jun-13,1.019,1
12-Jun-13,1.0202,1
13-Jun-13,1.017,1
14-Jun-13,1.0177,1
17-Jun-13,1.0176,1
18-Jun-13,1.0209,1
19-Jun-13,1.0187,1
20-Jun-13,1.0387,1
21-Jun-13,1.047,1
24-Jun-13,1.0532,1
25-Jun-13,1.0513,1
26-Jun-13,1.0469,1
27-Jun-13,1.048,1
28-Jun-13,,1
01-Jul-13,,1
02-Jul-13,1.053,1
03-Jul-13,1.0523,1
08-Jul-13,1.0576,1
09-Jul-13,1.053,1
10-Jul-13,1.0511,1
11-Jul-13,1.0389,1
12-Jul-13,1.0392,1
15-Jul-13,1.0413,1
16-Jul-13,1.0388,1
17-Jul-13,1.0425,1
18-Jul-13,1.0396,1
19-Jul-13,1.0363,1
22-Jul-13,1.0337,1
23-Jul-13,1.0304,1
24-Jul-13,1.0298,1
25-Jul-13,1.0283,1
26-Jul-13,1.0291,1
29-Jul-13,1.0261,1
30-Jul-13,1.0293,1
31-Jul-13,1.0287,1
01-Aug-13,1.0338,1
02-Aug-13,1.0382,1
05-Aug-13,,1
06-Aug-13,1.0379,1
07-Aug-13,1.0416,1
08-Aug-13,1.0348,1
09-Aug-13,1.0303,1
12-Aug-13,1.0297,1
13-Aug-13,1.0345,1
14-Aug-13,1.0322,1
15-Aug-13,1.034,1
16-Aug-13,1.0345,1
19-Aug-13,1.0334,1
20-Aug-13,1.0376,1
21-Aug-13,1.0443,1
22-Aug-13,1.0512,1
23-Aug-13,1.0515,1
26-Aug-13,1.0514,1
27-Aug-13,1.0503,1
28-Aug-13,1.049,1
29-Aug-13,1.0526,1
30-Aug-13,1.0553,1
03-Sep-13,1.0533,1
04-Sep-13,1.0482,1
05-Sep-13,1.05,1
06-Sep-13,1.039,1
09-Sep-13,1.0366,1
10-Sep-13,1.0357,1
11-Sep-13,1.0337,1
12-Sep-13,1.032,1
13-Sep-13,1.0341,1
16-Sep-13,1.0316,1
17-Sep-13,1.0291,1
18-Sep-13,1.0312,1
19-Sep-13,1.0237,1
20-Sep-13,1.0287,1
23-Sep-13,1.0283,1
24-Sep-13,1.0295,1
25-Sep-13,1.0295,1
26-Sep-13,1.0321,1
27-Sep-13,1.03,1
30-Sep-13,1.0285,1
01-Oct-13,1.0333,1
02-Oct-13,1.0332,1
03-Oct-13,1.0323,1
04-Oct-13,1.0306,1
07-Oct-13,1.0306,1
08-Oct-13,1.0331,1
09-Oct-13,1.0397,1
10-Oct-13,1.0383,1
11-Oct-13,1.0385,1
15-Oct-13,1.0371,1
16-Oct-13,1.0345,1
17-Oct-13,1.0285,1
18-Oct-13,1.0287,1
21-Oct-13,1.0297,1
22-Oct-13,1.0284,1
23-Oct-13,1.0385,1
24-Oct-13,1.0422,1
25-Oct-13,1.045,1
28-Oct-13,1.0445,1
29-Oct-13,1.0445,1
30-Oct-13,1.0456,1
31-Oct-13,1.0429,1
01-Nov-13,1.0443,1
04-Nov-13,1.0415,1
05-Nov-13,1.0448,1
06-Nov-13,1.0419,1
07-Nov-13,1.0442,1
08-Nov-13,1.0487,1
11-Nov-13,,1
12-Nov-13,1.0502,1
13-Nov-13,1.0468,1
14-Nov-13,1.0497,1
15-Nov-13,1.0458,1
18-Nov-13,1.0427,1
19-Nov-13,1.0466,1
20-Nov-13,1.0445,1
21-Nov-13,1.0506,1
22-Nov-13,1.0535,1
25-Nov-13,1.0554,1
26-Nov-13,1.0547,1
27-Nov-13,1.0595,1
02-Dec-13,1.0634,1
03-Dec-13,1.0662,1
04-Dec-13,1.0696,1
05-Dec-13,1.0638,1
06-Dec-13,1.0663,1
09-Dec-13,1.0641,1
10-Dec-13,,1
11-Dec-13,1.0607,1
12-Dec-13,1.0641,1
13-Dec-13,1.0595,1
16-Dec-13,1.0577,1
17-Dec-13,1.061,1
18-Dec-13,1.0645,1
19-Dec-13,1.0676,1
20-Dec-13,1.068,1
23-Dec-13,1.0603,1
24-Dec-13,1.0619,1
26-Dec-13,,1
27-Dec-13,1.0697,1
30-Dec-13,1.064,1
02-Jan-14,1.0633,1
03-Jan-14,1.0614,1
06-Jan-14,1.0659,1
07-Jan-14,1.0742,1
08-Jan-14,1.0804,1
09-Jan-14,1.0851,1
10-Jan-14,1.0917,1
13-Jan-14,1.0869,1
14-Jan-14,1.0934,1
15-Jan-14,1.0933,1
16-Jan-14,1.0926,1
17-Jan-14,1.0961,1
21-Jan-14,,1
22-Jan-14,1.1069,1
23-Jan-14,1.113,1
24-Jan-14,1.1062,1
27-Jan-14,1.1098,1
28-Jan-14,1.1148,1
29-Jan-14,1.1148,1
30-Jan-14,1.1171,1
31-Jan-14,1.1119,1
03-Feb-14,1.1076,1
04-Feb-14,1.1055,1
05-Feb-14,1.1101,1
06-Feb-14,1.1066,1
07-Feb-14,1.1018,1
10-Feb-14,1.1048,1
11-Feb-14,1.1025,1
12-Feb-14,1.0993,1
13-Feb-14,1.098,1
14-Feb-14,1.0981,1
18-Feb-14,1.0953,1
19-Feb-14,1.1045,1
20-Feb-14,1.1104,1
21-Feb-14,1.1128,1
24-Feb-14,1.1058,1
25-Feb-14,1.1084,1
26-Feb-14,1.1117,1
27-Feb-14,1.114,1
28-Feb-14,1.1075,1
03-Mar-14,,1
04-Mar-14,1.1114,1
05-Mar-14,1.1051,1
06-Mar-14,1.0966,1
07-Mar-14,1.1089,1
10-Mar-14,1.1105,1
11-Mar-14,1.1085,1
12-Mar-14,1.1132,1
13-Mar-14,1.1057,1
14-Mar-14,1.1087,1
17-Mar-14,,1
18-Mar-14,1.1086,1
19-Mar-14,1.1179,1
20-Mar-14,1.1251,1
21-Mar-14,1.1194,1
24-Mar-14,1.1217,1
25-Mar-14,1.1176,1
26-Mar-14,1.1143,1
27-Mar-14,1.1057,1
28-Mar-14,1.1064,1
31-Mar-14,1.1053,1
01-Apr-14,1.1027,1
02-Apr-14,1.1031,1
03-Apr-14,1.1035,1
04-Apr-14,1.0978,1
07-Apr-14,1.0971,1
08-Apr-14,1.0922,1
09-Apr-14,1.0903,1
10-Apr-14,1.0912,1
11-Apr-14,1.096,1
14-Apr-14,1.097,1
15-Apr-14,1.0981,1
16-Apr-14,1.1028,1
17-Apr-14,1.0998,1
18-Apr-14,,1
21-Apr-14,1.1021,1
22-Apr-14,1.1026,1
23-Apr-14,1.1032,1
24-Apr-14,1.1027,1
25-Apr-14,1.1042,1
28-Apr-14,1.1033,1
29-Apr-14,1.0963,1
30-Apr-14,1.0957,1
01-May-14,1.0965,1
02-May-14,1.0973,1
05-May-14,1.0955,1
06-May-14,1.089,1
07-May-14,1.0896,1
08-May-14,1.0858,1
09-May-14,1.09,1
12-May-14,1.0887,1
13-May-14,1.0892,1
14-May-14,1.0887,1
15-May-14,1.0887,1
16-May-14,1.0882,1
19-May-14,,1
20-May-14,1.0901,1
21-May-14,1.0933,1
22-May-14,1.0898,1
23-May-14,1.087,1
27-May-14,1.0869,1
28-May-14,1.0867,1
29-May-14,1.0837,1
30-May-14,1.0867,1
02-Jun-14,1.0895,1
03-Jun-14,1.0915,1
04-Jun-14,1.0937,1
05-Jun-14,1.0934,1
06-Jun-14,1.0936,1
09-Jun-14,1.091,1
10-Jun-14,1.0915,1
11-Jun-14,,1
12-Jun-14,1.0851,1
13-Jun-14,1.0868,1
16-Jun-14,1.085,1
17-Jun-14,1.0852,1
18-Jun-14,1.087,1
19-Jun-14,1.0828,1
20-Jun-14,1.0766,1
23-Jun-14,1.0731,1
24-Jun-14,1.074,1
25-Jun-14,,1
26-Jun-14,1.0707,1
27-Jun-14,1.0676,1
30-Jun-14,1.0676,1
01-Jul-14,,1
02-Jul-14,1.0667,1
03-Jul-14,1.0634,1
07-Jul-14,1.0662,1
08-Jul-14,1.0674,1
09-Jul-14,1.065,1
10-Jul-14,1.0658,1
11-Jul-14,1.072,1
14-Jul-14,1.0722,1
15-Jul-14,1.0766,1
16-Jul-14,1.075,1
17-Jul-14,1.0753,1
18-Jul-14,1.0737,1
21-Jul-14,1.0737,1
22-Jul-14,1.0745,1
23-Jul-14,1.0741,1
24-Jul-14,1.0742,1
25-Jul-14,1.0814,1
28-Jul-14,1.0801,1
29-Jul-14,1.0851,1
30-Jul-14,1.0909,1
31-Jul-14,1.089,1
01-Aug-14,1.0919,1
04-Aug-14,,1
05-Aug-14,1.097,1
06-Aug-14,1.0926,1
07-Aug-14,1.0922,1
08-Aug-14,1.0982,1
11-Aug-14,1.0935,1
12-Aug-14,1.0944,1
13-Aug-14,1.0929,1
14-Aug-14,1.0911,1
15-Aug-14,1.091,1
18-Aug-14,1.0889,1
19-Aug-14,1.0929,1
20-Aug-14,1.0944,1
21-Aug-14,1.0948,1
22-Aug-14,1.095,1
25-Aug-14,1.098,1
26-Aug-14,1.0951,1
27-Aug-14,1.0891,1
28-Aug-14,1.0857,1
29-Aug-14,1.0858,1
02-Sep-14,1.0925,1
03-Sep-14,1.0873,1
04-Sep-14,1.0863,1
05-Sep-14,1.089,1
08-Sep-14,1.0933,1
09-Sep-14,1.1012,1
10-Sep-14,1.0955,1
11-Sep-14,1.1032,1
12-Sep-14,1.1076,1
15-Sep-14,1.1051,1
16-Sep-14,1.099,1
17-Sep-14,1.0952,1
18-Sep-14,1.0946,1
19-Sep-14,1.0969,1
22-Sep-14,1.1008,1
23-Sep-14,1.106,1
24-Sep-14,1.109,1
25-Sep-14,1.1106,1
26-Sep-14,1.1164,1
29-Sep-14,1.1145,1
30-Sep-14,1.1208,1
01-Oct-14,1.1171,1
02-Oct-14,1.1151,1
03-Oct-14,1.1256,1
06-Oct-14,1.1175,1
07-Oct-14,1.1182,1
08-Oct-14,1.1182,1
09-Oct-14,1.1149,1
10-Oct-14,1.1177,1
14-Oct-14,1.1236,1
15-Oct-14,1.1289,1
16-Oct-14,1.1266,1
17-Oct-14,1.1248,1
20-Oct-14,1.1277,1
21-Oct-14,1.1219,1
22-Oct-14,,1
23-Oct-14,1.1237,1
24-Oct-14,1.1213,1
27-Oct-14,1.1247,1
28-Oct-14,1.1178,1
29-Oct-14,1.1136,1
30-Oct-14,1.1193,1
31-Oct-14,1.1275,1
03-Nov-14,1.132,1
04-Nov-14,1.1397,1
05-Nov-14,1.1377,1
06-Nov-14,1.1424,1
07-Nov-14,1.136,1
10-Nov-14,1.1345,1
11-Nov-14,,1
12-Nov-14,1.1284,1
13-Nov-14,1.135,1
14-Nov-14,1.1294,1
17-Nov-14,1.1308,1
18-Nov-14,1.1305,1
19-Nov-14,1.135,1
20-Nov-14,1.1312,1
21-Nov-14,1.1238,1
24-Nov-14,1.1282,1
25-Nov-14,1.1261,1
26-Nov-14,1.1236,1
01-Dec-14,1.1344,1
02-Dec-14,1.14,1
03-Dec-14,1.136,1
04-Dec-14,1.1373,1
05-Dec-14,1.1423,1
08-Dec-14,1.1472,1
09-Dec-14,1.1422,1
10-Dec-14,1.1482,1
11-Dec-14,1.1535,1
12-Dec-14,1.154,1
15-Dec-14,1.163,1
16-Dec-14,1.1625,1
17-Dec-14,1.1629,1
18-Dec-14,1.1594,1
19-Dec-14,1.1629,1
22-Dec-14,1.1643,1
23-Dec-14,1.1627,1
24-Dec-14,1.1623,1
29-Dec-14,1.1632,1
30-Dec-14,1.1599,1
31-Dec-14,1.1601,1
05-Jan-15,1.1787,1
06-Jan-15,1.1804,1
07-Jan-15,1.1851,1
08-Jan-15,1.1812,1
09-Jan-15,1.1857,1
12-Jan-15,1.193,1
13-Jan-15,1.1948,1
14-Jan-15,1.1958,1
15-Jan-15,1.1932,1
16-Jan-15,1.1986,1
20-Jan-15,1.2085,1
21-Jan-15,1.2374,1
22-Jan-15,1.2371,1
23-Jan-15,1.2403,1
26-Jan-15,1.2411,1
27-Jan-15,1.2404,1
28-Jan-15,1.2451,1
29-Jan-15,1.2644,1
30-Jan-15,1.2717,1
02-Feb-15,1.2578,1
03-Feb-15,1.2456,1
04-Feb-15,1.255,1
05-Feb-15,1.2422,1
06-Feb-15,1.2523,1
09-Feb-15,1.2448,1
10-Feb-15,1.2528,1
11-Feb-15,1.2635,1
12-Feb-15,1.2462,1
13-Feb-15,1.2449,1
17-Feb-15,,1
18-Feb-15,1.2455,1
19-Feb-15,1.2486,1
20-Feb-15,1.2506,1
23-Feb-15,1.258,1
24-Feb-15,1.2603,1
25-Feb-15,1.2419,1
26-Feb-15,1.249,1
27-Feb-15,1.2508,1
02-Mar-15,1.2535,1
03-Mar-15,1.2452,1
04-Mar-15,1.244,1
05-Mar-15,1.2482,1
06-Mar-15,1.2616,1
09-Mar-15,1.2598,1
10-Mar-15,1.2633,1
11-Mar-15,1.2764,1
12-Mar-15,1.2691,1
13-Mar-15,1.2803,1
16-Mar-15,1.2765,1
17-Mar-15,1.2769,1
18-Mar-15,1.2771,1
19-Mar-15,1.2744,1
20-Mar-15,1.2595,1
23-Mar-15,1.2516,1
24-Mar-15,1.2511,1
25-Mar-15,1.2513,1
26-Mar-15,1.2471,1
27-Mar-15,1.258,1
30-Mar-15,1.2689,1
31-Mar-15,1.2683,1
01-Apr-15,1.2612,1
02-Apr-15,1.2585,1
03-Apr-15,,1
06-Apr-15,1.2452,1
07-Apr-15,1.2488,1
08-Apr-15,1.2508,1
09-Apr-15,1.258,1
10-Apr-15,1.2595,1
13-Apr-15,1.2602,1
14-Apr-15,1.2478,1
15-Apr-15,1.2379,1
16-Apr-15,1.2206,1
17-Apr-15,1.2229,1
20-Apr-15,1.2204,1
21-Apr-15,1.2274,1
22-Apr-15,1.225,1
23-Apr-15,1.2147,1
24-Apr-15,1.2166,1
27-Apr-15,1.2105,1
28-Apr-15,1.2021,1
29-Apr-15,1.1954,1
30-Apr-15,1.2119,1
01-May-15,1.2192,1
04-May-15,1.2111,1
05-May-15,1.204,1
06-May-15,1.2009,1
07-May-15,1.2139,1
08-May-15,1.2088,1
11-May-15,1.2105,1
12-May-15,1.1987,1
13-May-15,1.1951,1
14-May-15,1.1992,1
15-May-15,1.201,1
18-May-15,,1
19-May-15,1.2211,1
20-May-15,1.2212,1
21-May-15,1.2201,1
22-May-15,1.2288,1
26-May-15,1.243,1
27-May-15,1.2485,1
28-May-15,1.2477,1
29-May-15,1.2465,1
01-Jun-15,1.255,1
02-Jun-15,1.2423,1
03-Jun-15,1.2436,1
04-Jun-15,1.2477,1
05-Jun-15,1.2489,1
08-Jun-15,1.2435,1
09-Jun-15,1.2317,1
10-Jun-15,1.2267,1
11-Jun-15,1.2314,1
12-Jun-15,1.2304,1
15-Jun-15,1.2323,1
16-Jun-15,1.233,1
17-Jun-15,1.2308,1
18-Jun-15,1.2209,1
19-Jun-15,1.2279,1
22-Jun-15,1.2288,1
23-Jun-15,1.2327,1
24-Jun-15,1.2415,1
25-Jun-15,1.2347,1
26-Jun-15,1.2359,1
29-Jun-15,1.2382,1
30-Jun-15,1.2474,1
01-Jul-15,,1
02-Jul-15,,1
06-Jul-15,1.2626,1
07-Jul-15,1.274,1
08-Jul-15,1.2722,1
09-Jul-15,1.2729,1
10-Jul-15,1.2715,1
13-Jul-15,1.2762,1
14-Jul-15,1.2748,1
15-Jul-15,1.2937,1
16-Jul-15,1.2939,1
17-Jul-15,1.2998,1
20-Jul-15,1.2982,1
21-Jul-15,1.2961,1
22-Jul-15,1.3026,1
23-Jul-15,1.303,1
24-Jul-15,1.306,1
27-Jul-15,1.3009,1
28-Jul-15,1.2934,1
29-Jul-15,1.2893,1
30-Jul-15,1.3026,1
31-Jul-15,1.3047,1
03-Aug-15,,1
04-Aug-15,1.3125,1
05-Aug-15,1.3183,1
06-Aug-15,1.3152,1
07-Aug-15,1.3122,1
10-Aug-15,1.3056,1
11-Aug-15,1.3148,1
12-Aug-15,1.2973,1
13-Aug-15,1.3078,1
14-Aug-15,1.3078,1
17-Aug-15,1.3091,1
18-Aug-15,1.3073,1
19-Aug-15,,1
20-Aug-15,1.308,1
21-Aug-15,1.3149,1
24-Aug-15,1.3213,1
25-Aug-15,1.3296,1
26-Aug-15,1.3303,1
27-Aug-15,1.3197,1
28-Aug-15,1.3269,1
31-Aug-15,1.3223,1
01-Sep-15,1.3179,1
02-Sep-15,1.3311,1
03-Sep-15,1.3199,1
04-Sep-15,1.3273,1
08-Sep-15,1.3195,1
09-Sep-15,1.3223,1
10-Sep-15,1.3219,1
11-Sep-15,1.3276,1
14-Sep-15,1.327,1
15-Sep-15,1.3263,1
16-Sep-15,1.3178,1
17-Sep-15,1.3186,1
18-Sep-15,1.3147,1
21-Sep-15,1.325,1
22-Sep-15,1.3278,1
23-Sep-15,1.3315,1
24-Sep-15,1.3351,1
25-Sep-15,1.3325,1
28-Sep-15,1.3361,1
29-Sep-15,1.3413,1
30-Sep-15,1.3394,1
01-Oct-15,1.3242,1
02-Oct-15,1.3214,1
05-Oct-15,1.3085,1
06-Oct-15,1.3056,1
07-Oct-15,1.3036,1
08-Oct-15,1.3018,1
09-Oct-15,1.2946,1
13-Oct-15,1.2986,1
14-Oct-15,1.2982,1
15-Oct-15,1.2904,1
16-Oct-15,1.2933,1
19-Oct-15,1.2998,1
20-Oct-15,1.2974,1
21-Oct-15,1.3116,1
22-Oct-15,1.3088,1
23-Oct-15,1.3172,1
26-Oct-15,1.3134,1
27-Oct-15,1.3241,1
28-Oct-15,1.3148,1
29-Oct-15,1.317,1
30-Oct-15,1.3083,1
02-Nov-15,1.3095,1
03-Nov-15,1.3106,1
04-Nov-15,1.3164,1
05-Nov-15,1.3167,1
06-Nov-15,1.3308,1
09-Nov-15,1.3275,1
10-Nov-15,1.3259,1
11-Nov-15,,1
12-Nov-15,1.3307,1
13-Nov-15,1.3332,1
16-Nov-15,1.3353,1
17-Nov-15,1.3324,1
18-Nov-15,1.3353,1
19-Nov-15,1.3267,1
20-Nov-15,1.3338,1
23-Nov-15,1.3357,1
24-Nov-15,1.3308,1
25-Nov-15,1.3301,1
30-Nov-15,1.3333,1
01-Dec-15,1.3372,1
02-Dec-15,1.336,1
03-Dec-15,1.3394,1
04-Dec-15,1.3365,1
07-Dec-15,1.3508,1
08-Dec-15,1.3593,1
09-Dec-15,1.3595,1
10-Dec-15,1.3599,1
11-Dec-15,1.3696,1
14-Dec-15,1.3733,1
15-Dec-15,1.3728,1
16-Dec-15,1.3805,1
17-Dec-15,1.397,1
18-Dec-15,1.3882,1
21-Dec-15,1.399,1
22-Dec-15,1.3929,1
23-Dec-15,1.386,1
24-Dec-15,1.3845,1
28-Dec-15,,1
29-Dec-15,1.385,1
30-Dec-15,1.3884,1
31-Dec-15,1.384,1
04-Jan-16,1.3969,1
05-Jan-16,1.3993,1
06-Jan-16,1.4084,1
07-Jan-16,1.4061,1
08-Jan-16,1.4151,1
11-Jan-16,1.4205,1
12-Jan-16,1.4291,1
13-Jan-16,1.4294,1
14-Jan-16,1.4373,1
15-Jan-16,1.4528,1
19-Jan-16,1.4514,1
20-Jan-16,1.4589,1
21-Jan-16,1.4243,1
22-Jan-16,1.4151,1
25-Jan-16,1.4252,1
26-Jan-16,1.4062,1
27-Jan-16,1.4043,1
28-Jan-16,1.4073,1
29-Jan-16,1.408,1
01-Feb-16,1.4006,1
02-Feb-16,1.404,1
03-Feb-16,1.3846,1
04-Feb-16,1.3726,1
05-Feb-16,1.3876,1
08-Feb-16,1.3921,1
09-Feb-16,1.382,1
10-Feb-16,1.3968,1
11-Feb-16,1.393,1
12-Feb-16,1.3835,1
16-Feb-16,1.386,1
17-Feb-16,1.3684,1
18-Feb-16,1.3721,1
19-Feb-16,1.3801,1
22-Feb-16,1.3685,1
23-Feb-16,1.3792,1
24-Feb-16,1.3766,1
25-Feb-16,1.3575,1
26-Feb-16,1.3547,1
29-Feb-16,1.3523,1
01-Mar-16,1.3407,1
02-Mar-16,1.3468,1
03-Mar-16,1.3407,1
04-Mar-16,1.3337,1
07-Mar-16,1.3301,1
08-Mar-16,1.3389,1
09-Mar-16,1.3236,1
10-Mar-16,1.3373,1
11-Mar-16,1.3215,1
14-Mar-16,1.3293,1
15-Mar-16,1.3359,1
16-Mar-16,1.3362,1
17-Mar-16,1.2984,1
18-Mar-16,1.2982,1
21-Mar-16,1.3069,1
22-Mar-16,1.3051,1
23-Mar-16,1.3203,1
24-Mar-16,1.3269,1
25-Mar-16,,1
28-Mar-16,1.3184,1
29-Mar-16,1.3154,1
30-Mar-16,1.2962,1
31-Mar-16,1.2971,1
01-Apr-16,1.3047,1
04-Apr-16,1.3036,1
05-Apr-16,1.317,1
06-Apr-16,1.3077,1
07-Apr-16,1.3163,1
08-Apr-16,1.2995,1
11-Apr-16,1.2913,1
12-Apr-16,1.2799,1
13-Apr-16,1.2792,1
14-Apr-16,1.2836,1
15-Apr-16,1.2858,1
18-Apr-16,1.2815,1
19-Apr-16,1.2656,1
20-Apr-16,1.2627,1
21-Apr-16,1.271,1
22-Apr-16,1.2674,1
25-Apr-16,1.268,1
26-Apr-16,1.2614,1
27-Apr-16,1.2635,1
28-Apr-16,1.2544,1
29-Apr-16,1.2549,1
02-May-16,1.2548,1
03-May-16,1.2686,1
04-May-16,1.2884,1
05-May-16,1.2853,1
06-May-16,1.2921,1
09-May-16,1.2994,1
10-May-16,1.2959,1
11-May-16,1.2836,1
12-May-16,1.2858,1
13-May-16,1.294,1
16-May-16,1.2887,1
17-May-16,1.2885,1
18-May-16,1.2928,1
19-May-16,1.3116,1
20-May-16,1.3136,1
23-May-16,,1
24-May-16,1.3118,1
25-May-16,1.309,1
26-May-16,1.2981,1
27-May-16,1.3003,1
31-May-16,1.31,1
01-Jun-16,1.3091,1
02-Jun-16,1.308,1
03-Jun-16,1.2948,1
06-Jun-16,1.2856,1
07-Jun-16,1.2789,1
08-Jun-16,1.2695,1
09-Jun-16,1.2731,1
10-Jun-16,1.2736,1
13-Jun-16,1.2792,1
14-Jun-16,1.2835,1
15-Jun-16,1.2914,1
16-Jun-16,1.3041,1
17-Jun-16,1.2878,1
20-Jun-16,1.2807,1
21-Jun-16,1.2818,1
22-Jun-16,1.282,1
23-Jun-16,1.2752,1
24-Jun-16,1.2952,1
27-Jun-16,1.3078,1
28-Jun-16,,1
29-Jun-16,1.2991,1
30-Jun-16,1.3009,1
01-Jul-16,,1
05-Jul-16,1.2949,1
06-Jul-16,1.3005,1
07-Jul-16,1.2984,1
08-Jul-16,1.3073,1
11-Jul-16,1.3127,1
12-Jul-16,1.3016,1
13-Jul-16,1.2965,1
14-Jul-16,1.2915,1
15-Jul-16,1.2975,1
18-Jul-16,1.2984,1
19-Jul-16,1.3029,1
20-Jul-16,1.304,1
21-Jul-16,1.3057,1
22-Jul-16,1.3178,1
25-Jul-16,1.3225,1
26-Jul-16,1.3209,1
27-Jul-16,1.322,1
28-Jul-16,1.317,1
29-Jul-16,1.3041,1
01-Aug-16,,1
02-Aug-16,1.3089,1
03-Aug-16,1.308,1
04-Aug-16,1.3025,1
05-Aug-16,1.318,1
08-Aug-16,1.3164,1
09-Aug-16,1.3117,1
10-Aug-16,1.306,1
11-Aug-16,1.3007,1
12-Aug-16,1.2945,1
15-Aug-16,1.2922,1
16-Aug-16,1.2862,1
17-Aug-16,1.2885,1
18-Aug-16,1.2775,1
19-Aug-16,1.2878,1
22-Aug-16,1.2942,1
23-Aug-16,1.2902,1
24-Aug-16,1.294,1
25-Aug-16,1.2937,1
26-Aug-16,1.2947,1
29-Aug-16,1.3019,1
30-Aug-16,1.3076,1
31-Aug-16,1.3124,1
01-Sep-16,1.3107,1
02-Sep-16,1.2999,1
06-Sep-16,1.2843,1
07-Sep-16,1.2895,1
08-Sep-16,1.2909,1
09-Sep-16,1.3033,1
12-Sep-16,1.3077,1
13-Sep-16,1.3167,1
14-Sep-16,1.3189,1
15-Sep-16,1.3146,1
16-Sep-16,1.3213,1
19-Sep-16,1.3181,1
20-Sep-16,1.3228,1
21-Sep-16,1.3186,1
22-Sep-16,1.3039,1
23-Sep-16,1.3165,1
26-Sep-16,1.3197,1
27-Sep-16,1.3248,1
28-Sep-16,1.3242,1
29-Sep-16,1.3101,1
30-Sep-16,1.3117,1
03-Oct-16,1.3137,1
04-Oct-16,1.317,1
05-Oct-16,1.3178,1
06-Oct-16,1.321,1
07-Oct-16,1.3304,1
11-Oct-16,1.3239,1
12-Oct-16,1.3277,1
13-Oct-16,1.3219,1
14-Oct-16,1.3168,1
17-Oct-16,1.3138,1
18-Oct-16,1.3104,1
19-Oct-16,1.3107,1
20-Oct-16,1.3198,1
21-Oct-16,1.3324,1
24-Oct-16,1.3388,1
25-Oct-16,1.3334,1
26-Oct-16,1.336,1
27-Oct-16,1.3386,1
28-Oct-16,1.3385,1
31-Oct-16,1.3403,1
01-Nov-16,1.3379,1
02-Nov-16,1.339,1
03-Nov-16,1.3386,1
04-Nov-16,1.3412,1
07-Nov-16,1.3383,1
08-Nov-16,1.3337,1
09-Nov-16,1.3408,1
10-Nov-16,1.3475,1
11-Nov-16,,1
14-Nov-16,1.3582,1
15-Nov-16,1.3468,1
16-Nov-16,1.3416,1
17-Nov-16,1.3429,1
18-Nov-16,1.3519,1
21-Nov-16,1.3437,1
22-Nov-16,1.3444,1
23-Nov-16,1.347,1
28-Nov-16,1.3401,1
29-Nov-16,1.3435,1
30-Nov-16,1.3426,1
01-Dec-16,1.3331,1
02-Dec-16,1.3298,1
05-Dec-16,1.3272,1
06-Dec-16,1.3281,1
07-Dec-16,1.3252,1
08-Dec-16,1.3221,1
09-Dec-16,1.3164,1
12-Dec-16,1.314,1
13-Dec-16,1.312,1
14-Dec-16,1.3123,1
15-Dec-16,1.3397,1
16-Dec-16,1.3338,1
19-Dec-16,1.3397,1
20-Dec-16,1.3378,1
21-Dec-16,1.3401,1
22-Dec-16,1.3468,1
23-Dec-16,1.3535,1
27-Dec-16,,1
28-Dec-16,1.3556,1
29-Dec-16,1.3488,1
30-Dec-16,1.3427,1
03-Jan-17,1.3438,1
04-Jan-17,1.3293,1
05-Jan-17,1.3216,1
06-Jan-17,1.3216,1
09-Jan-17,1.3222,1
10-Jan-17,1.3208,1
11-Jan-17,1.3232,1
12-Jan-17,1.313,1
13-Jan-17,1.3135,1
17-Jan-17,1.306,1
18-Jan-17,1.3177,1
19-Jan-17,1.3329,1
23-Jan-17,1.3289,1
24-Jan-17,1.3152,1
25-Jan-17,1.3075,1
26-Jan-17,1.3104,1
27-Jan-17,1.3108,1
30-Jan-17,1.3093,1
31-Jan-17,1.303,1
01-Feb-17,1.3089,1
02-Feb-17,1.3019,1
03-Feb-17,1.3004,1
06-Feb-17,1.3117,1
07-Feb-17,1.3167,1
08-Feb-17,1.3157,1
09-Feb-17,1.3141,1
10-Feb-17,1.3074,1
13-Feb-17,1.3071,1
14-Feb-17,1.3093,1
15-Feb-17,1.3084,1
16-Feb-17,,1
17-Feb-17,1.3116,1
21-Feb-17,1.3149,1
22-Feb-17,1.3187,1
23-Feb-17,1.3109,1
24-Feb-17,1.3104,1
27-Feb-17,1.3101,1
28-Feb-17,1.3248,1
01-Mar-17,1.3338,1
02-Mar-17,1.3387,1
03-Mar-17,1.3405,1
06-Mar-17,1.3404,1
07-Mar-17,1.3417,1
08-Mar-17,1.3475,1
09-Mar-17,1.3513,1
10-Mar-17,1.3464,1
13-Mar-17,1.3447,1
14-Mar-17,,1
15-Mar-17,1.3428,1
16-Mar-17,1.3319,1
17-Mar-17,1.3337,1
20-Mar-17,1.3358,1
21-Mar-17,1.3317,1
22-Mar-17,1.336,1
23-Mar-17,1.3336,1
24-Mar-17,1.3374,1
27-Mar-17,1.3373,1
28-Mar-17,1.3374,1
29-Mar-17,1.3364,1
30-Mar-17,1.3304,1
31-Mar-17,1.331,1
03-Apr-17,1.3384,1
04-Apr-17,1.3425,1
05-Apr-17,1.3409,1
06-Apr-17,1.3418,1
07-Apr-17,1.3395,1
10-Apr-17,1.3349,1
11-Apr-17,1.3332,1
12-Apr-17,1.33,1
13-Apr-17,1.3275,1
14-Apr-17,,1
17-Apr-17,1.3289,1
18-Apr-17,1.3377,1
19-Apr-17,1.346,1
20-Apr-17,1.3482,1
21-Apr-17,1.3506,1
24-Apr-17,1.3492,1
25-Apr-17,1.3592,1
26-Apr-17,1.3593,1
27-Apr-17,1.3624,1
28-Apr-17,1.3662,1
01-May-17,,1
02-May-17,1.372,1
03-May-17,1.3714,1
04-May-17,,1
05-May-17,1.3712,1
08-May-17,1.3705,1
09-May-17,1.3728,1
10-May-17,1.3672,1
11-May-17,1.3707,1
12-May-17,1.3714,1
15-May-17,1.3641,1
16-May-17,1.3596,1
17-May-17,1.3614,1
18-May-17,1.3611,1
19-May-17,1.3544,1
22-May-17,,1
23-May-17,1.349,1
24-May-17,1.346,1
25-May-17,1.3453,1
26-May-17,1.3456,1
30-May-17,1.3469,1
31-May-17,1.35,1
01-Jun-17,1.35,1
02-Jun-17,1.3504,1
05-Jun-17,1.3483,1
06-Jun-17,1.3461,1
07-Jun-17,1.3492,1
08-Jun-17,1.3503,1
09-Jun-17,1.3453,1
12-Jun-17,1.3415,1
13-Jun-17,1.3238,1
14-Jun-17,1.3209,1
15-Jun-17,1.3283,1
16-Jun-17,1.3232,1
19-Jun-17,1.322,1
20-Jun-17,1.3267,1
21-Jun-17,1.331,1
22-Jun-17,1.3241,1
23-Jun-17,1.3268,1
26-Jun-17,1.3238,1
27-Jun-17,1.3188,1
28-Jun-17,1.306,1
29-Jun-17,1.3015,1
30-Jun-17,1.2977,1
03-Jul-17,,1
05-Jul-17,1.2982,1
06-Jul-17,1.2946,1
07-Jul-17,1.2887,1
10-Jul-17,1.2888,1
11-Jul-17,1.292,1
12-Jul-17,1.2794,1
13-Jul-17,1.2743,1
14-Jul-17,1.2672,1
17-Jul-17,1.2669,1
18-Jul-17,1.2628,1
19-Jul-17,1.2595,1
20-Jul-17,1.2585,1
21-Jul-17,1.2549,1
24-Jul-17,1.2512,1
25-Jul-17,,1
26-Jul-17,1.2505,1
27-Jul-17,1.252,1
28-Jul-17,1.2447,1
31-Jul-17,1.2485,1
01-Aug-17,1.2514,1
02-Aug-17,1.256,1
03-Aug-17,1.2578,1
04-Aug-17,1.2638,1
07-Aug-17,,1
08-Aug-17,1.2672,1
09-Aug-17,1.2705,1
10-Aug-17,1.2711,1
11-Aug-17,1.2685,1
14-Aug-17,1.2705,1
15-Aug-17,1.2755,1
16-Aug-17,1.2699,1
17-Aug-17,1.2647,1
18-Aug-17,1.2586,1
21-Aug-17,1.2575,1
22-Aug-17,1.2552,1
23-Aug-17,1.2564,1
24-Aug-17,1.2529,1
25-Aug-17,1.2492,1
28-Aug-17,1.2482,1
29-Aug-17,1.2515,1
30-Aug-17,1.2605,1
31-Aug-17,1.2536,1
01-Sep-17,1.239,1
05-Sep-17,1.2371,1
06-Sep-17,1.2264,1
07-Sep-17,1.2148,1
08-Sep-17,1.2132,1
11-Sep-17,1.2128,1
12-Sep-17,1.2159,1
13-Sep-17,1.2187,1
14-Sep-17,1.2198,1
15-Sep-17,1.2182,1
18-Sep-17,1.2238,1
19-Sep-17,1.2277,1
20-Sep-17,1.2273,1
21-Sep-17,1.2339,1
22-Sep-17,1.2317,1
25-Sep-17,1.2341,1
26-Sep-17,1.237,1
27-Sep-17,1.2412,1
28-Sep-17,,1
29-Sep-17,1.248,1
02-Oct-17,1.2505,1
03-Oct-17,1.25,1
04-Oct-17,1.2479,1
05-Oct-17,1.2548,1
06-Oct-17,,1
10-Oct-17,1.2501,1
11-Oct-17,1.2498,1
12-Oct-17,1.2472,1
13-Oct-17,1.2487,1
16-Oct-17,1.2529,1
17-Oct-17,1.2548,1
18-Oct-17,1.2486,1
19-Oct-17,1.2478,1
20-Oct-17,1.2601,1
23-Oct-17,1.2644,1
24-Oct-17,1.2666,1
25-Oct-17,1.2771,1
26-Oct-17,1.2831,1
27-Oct-17,,1
30-Oct-17,1.2837,1
31-Oct-17,1.2893,1
01-Nov-17,1.2885,1
02-Nov-17,1.2822,1
03-Nov-17,1.2764,1
06-Nov-17,1.2746,1
07-Nov-17,1.2785,1
08-Nov-17,1.2729,1
09-Nov-17,1.2692,1
10-Nov-17,1.2683,1
13-Nov-17,,1
14-Nov-17,1.2733,1
15-Nov-17,1.2773,1
16-Nov-17,1.2745,1
17-Nov-17,1.2783,1
20-Nov-17,1.2793,1
21-Nov-17,1.2778,1
22-Nov-17,1.2729,1
27-Nov-17,1.2735,1
28-Nov-17,1.2807,1
29-Nov-17,1.2853,1
30-Nov-17,1.2888,1
01-Dec-17,1.2729,1
04-Dec-17,1.2695,1
05-Dec-17,1.268,1
06-Dec-17,1.2757,1
07-Dec-17,1.2843,1
08-Dec-17,1.286,1
11-Dec-17,1.2854,1
12-Dec-17,1.2871,1
13-Dec-17,1.2852,1
14-Dec-17,1.2805,1
15-Dec-17,1.2834,1
18-Dec-17,1.2865,1
19-Dec-17,1.2886,1
20-Dec-17,1.2842,1
21-Dec-17,1.2734,1
22-Dec-17,,1
26-Dec-17,,1
27-Dec-17,1.2641,1
28-Dec-17,1.2588,1
29-Dec-17,,1
02-Jan-18,1.2517,1
03-Jan-18,1.2533,1
04-Jan-18,1.2515,1
05-Jan-18,1.2403,1
08-Jan-18,1.2422,1
09-Jan-18,1.2454,1
10-Jan-18,1.2496,1
11-Jan-18,1.2535,1
12-Jan-18,1.2504,1
16-Jan-18,1.2419,1
17-Jan-18,1.2425,1
18-Jan-18,1.2446,1
19-Jan-18,1.2459,1
22-Jan-18,1.2458,1
23-Jan-18,1.2454,1
24-Jan-18,1.2341,1
25-Jan-18,1.2323,1
26-Jan-18,1.2321,1
29-Jan-18,1.2335,1
30-Jan-18,1.2328,1
31-Jan-18,1.2293,1
01-Feb-18,1.2288,1
02-Feb-18,1.238,1
05-Feb-18,1.2483,1
06-Feb-18,1.253,1
07-Feb-18,1.2546,1
08-Feb-18,1.2585,1
09-Feb-18,1.2609,1
12-Feb-18,1.2603,1
13-Feb-18,1.26,1
14-Feb-18,1.2562,1
15-Feb-18,1.2507,1
16-Feb-18,1.254,1
20-Feb-18,1.2622,1
21-Feb-18,1.2671,1
22-Feb-18,1.2709,1
23-Feb-18,1.2668,1
26-Feb-18,1.2686,1
27-Feb-18,1.274,1
28-Feb-18,1.2809,1
01-Mar-18,1.2851,1
02-Mar-18,1.2891,1
05-Mar-18,1.2977,1
06-Mar-18,1.2898,1
07-Mar-18,1.2947,1
08-Mar-18,1.2927,1
09-Mar-18,1.284,1
12-Mar-18,1.283,1
13-Mar-18,1.2912,1
14-Mar-18,1.2944,1
15-Mar-18,1.3032,1
16-Mar-18,1.3088,1
19-Mar-18,1.3079,1
20-Mar-18,1.3077,1
21-Mar-18,,1
22-Mar-18,1.2908,1
23-Mar-18,1.2856,1
26-Mar-18,1.2886,1
27-Mar-18,,1
28-Mar-18,1.2902,1
29-Mar-18,1.2894,1
30-Mar-18,,1
02-Apr-18,1.2908,1
03-Apr-18,1.2812,1
04-Apr-18,1.2809,1
05-Apr-18,1.2776,1
06-Apr-18,1.2764,1
09-Apr-18,1.2729,1
10-Apr-18,1.2618,1
11-Apr-18,1.2584,1
12-Apr-18,1.2596,1
13-Apr-18,1.2597,1
16-Apr-18,1.2579,1
17-Apr-18,1.2552,1
18-Apr-18,1.2614,1
19-Apr-18,1.2633,1
20-Apr-18,1.2728,1
23-Apr-18,1.2833,1
24-Apr-18,1.2828,1
25-Apr-18,1.2869,1
26-Apr-18,1.2862,1
27-Apr-18,,1
30-Apr-18,1.2836,1
01-May-18,1.2867,1
02-May-18,1.2851,1
03-May-18,1.2862,1
04-May-18,1.2861,1
07-May-18,1.2864,1
08-May-18,1.2963,1
09-May-18,1.2856,1
10-May-18,1.2775,1
11-May-18,1.2779,1
14-May-18,1.2775,1
15-May-18,1.2876,1
16-May-18,1.2809,1
17-May-18,1.2801,1
18-May-18,1.288,1
21-May-18,,1
22-May-18,1.2786,1
23-May-18,1.2876,1
24-May-18,1.2891,1
25-May-18,1.2974,1
29-May-18,1.302,1
30-May-18,1.2897,1
31-May-18,1.2948,1
01-Jun-18,1.2964,1
04-Jun-18,1.2928,1
05-Jun-18,1.2993,1
06-Jun-18,1.2913,1
07-Jun-18,1.2972,1
08-Jun-18,1.2962,1
11-Jun-18,1.2993,1
12-Jun-18,1.3004,1
13-Jun-18,1.2988,1
14-Jun-18,1.3052,1
15-Jun-18,1.3177,1
18-Jun-18,1.3208,1
19-Jun-18,1.3276,1
20-Jun-18,1.3301,1
21-Jun-18,1.331,1
22-Jun-18,1.3308,1
25-Jun-18,1.3303,1
26-Jun-18,1.3306,1
27-Jun-18,1.3307,1
28-Jun-18,1.3267,1
29-Jun-18,1.3168,1
02-Jul-18,,1
03-Jul-18,1.3154,1
05-Jul-18,1.3129,1
06-Jul-18,1.3105,1
09-Jul-18,1.3097,1
10-Jul-18,1.3125,1
11-Jul-18,1.3151,1
12-Jul-18,1.3166,1
13-Jul-18,1.3171,1
16-Jul-18,1.3137,1
17-Jul-18,1.3187,1
18-Jul-18,1.3204,1
19-Jul-18,1.3255,1
20-Jul-18,,1
23-Jul-18,1.3156,1
24-Jul-18,1.3157,1
25-Jul-18,1.3088,1
26-Jul-18,1.3065,1
27-Jul-18,1.3062,1
30-Jul-18,1.3021,1
31-Jul-18,1.3017,1
01-Aug-18,1.3002,1
02-Aug-18,1.3014,1
03-Aug-18,1.2983,1
06-Aug-18,,1
07-Aug-18,1.3023,1
08-Aug-18,1.3052,1
09-Aug-18,1.304,1
10-Aug-18,1.3113,1
13-Aug-18,1.3136,1
14-Aug-18,1.3087,1
15-Aug-18,1.3138,1
16-Aug-18,1.3152,1
17-Aug-18,1.3081,1
20-Aug-18,1.3065,1
21-Aug-18,1.3036,1
22-Aug-18,1.3016,1
23-Aug-18,1.3063,1
24-Aug-18,1.3036,1
27-Aug-18,1.2986,1
28-Aug-18,1.2917,1
29-Aug-18,1.2931,1
30-Aug-18,1.298,1
31-Aug-18,,1
04-Sep-18,1.3182,1
05-Sep-18,1.3185,1
06-Sep-18,1.3188,1
07-Sep-18,1.3164,1
10-Sep-18,1.3163,1
11-Sep-18,1.3141,1
12-Sep-18,,1
13-Sep-18,1.2997,1
14-Sep-18,1.3033,1
17-Sep-18,1.3019,1
18-Sep-18,1.2992,1
19-Sep-18,1.2947,1
20-Sep-18,1.2905,1
21-Sep-18,1.2916,1
24-Sep-18,1.2935,1
25-Sep-18,1.2948,1
26-Sep-18,1.2975,1
27-Sep-18,1.3045,1
28-Sep-18,,1
01-Oct-18,1.2803,1
02-Oct-18,1.2817,1
03-Oct-18,1.2832,1
04-Oct-18,1.29,1
05-Oct-18,,1
09-Oct-18,1.2965,1
10-Oct-18,1.2992,1
11-Oct-18,1.3038,1
12-Oct-18,1.3031,1
15-Oct-18,1.2993,1
16-Oct-18,1.2938,1
17-Oct-18,1.2994,1
18-Oct-18,1.3057,1
19-Oct-18,1.3104,1
22-Oct-18,1.3105,1
23-Oct-18,1.3098,1
24-Oct-18,1.3029,1
25-Oct-18,1.3076,1
26-Oct-18,1.3108,1
29-Oct-18,1.3119,1
30-Oct-18,1.3133,1
31-Oct-18,1.3142,1
01-Nov-18,1.3088,1
02-Nov-18,1.3105,1
05-Nov-18,1.3096,1
06-Nov-18,1.313,1
07-Nov-18,1.3096,1
08-Nov-18,1.3114,1
09-Nov-18,1.3206,1
12-Nov-18,,1
13-Nov-18,1.3241,1
14-Nov-18,1.3235,1
15-Nov-18,1.3202,1
16-Nov-18,1.3154,1
19-Nov-18,1.3182,1
20-Nov-18,1.3259,1
21-Nov-18,1.327,1
26-Nov-18,1.323,1
27-Nov-18,1.3289,1
28-Nov-18,1.3302,1
29-Nov-18,1.3275,1
30-Nov-18,1.3301,1
03-Dec-18,1.3191,1
04-Dec-18,1.3219,1
05-Dec-18,,1
06-Dec-18,1.3404,1
07-Dec-18,1.3299,1
10-Dec-18,1.3379,1
11-Dec-18,1.3402,1
12-Dec-18,1.3346,1
13-Dec-18,1.3359,1
14-Dec-18,1.3379,1
17-Dec-18,1.3399,1
18-Dec-18,1.3454,1
19-Dec-18,1.345,1
20-Dec-18,1.3495,1
21-Dec-18,1.3566,1
26-Dec-18,,1
27-Dec-18,1.3641,1
28-Dec-18,,1
02-Jan-19,1.36,1
03-Jan-19,1.3501,1
04-Jan-19,1.341,1
07-Jan-19,1.3313,1
08-Jan-19,1.3293,1
09-Jan-19,1.3221,1
10-Jan-19,1.3234,1
11-Jan-19,,1
14-Jan-19,1.3269,1
15-Jan-19,1.3266,1
16-Jan-19,1.3248,1
17-Jan-19,1.3294,1
18-Jan-19,1.326,1
22-Jan-19,1.334,1
23-Jan-19,1.3348,1
24-Jan-19,1.3351,1
25-Jan-19,1.3256,1
28-Jan-19,1.326,1
29-Jan-19,1.3266,1
30-Jan-19,1.3192,1
31-Jan-19,1.3144,1
01-Feb-19,1.3095,1
04-Feb-19,1.3127,1
05-Feb-19,1.3134,1
06-Feb-19,1.319,1
07-Feb-19,1.3285,1
08-Feb-19,1.327,1
11-Feb-19,1.3294,1
12-Feb-19,1.3248,1
13-Feb-19,1.324,1
14-Feb-19,1.3298,1
15-Feb-19,1.3266,1
19-Feb-19,1.3238,1
20-Feb-19,1.3169,1
21-Feb-19,1.3196,1
22-Feb-19,1.3173,1
25-Feb-19,1.3174,1
26-Feb-19,1.3195,1
27-Feb-19,1.3145,1
28-Feb-19,1.3169,1
01-Mar-19,1.326,1
04-Mar-19,1.3317,1
05-Mar-19,1.3345,1
06-Mar-19,1.342,1
07-Mar-19,,1
08-Mar-19,1.3422,1
11-Mar-19,1.3414,1
12-Mar-19,1.3378,1
13-Mar-19,1.3326,1
14-Mar-19,1.3327,1
15-Mar-19,1.3342,1
18-Mar-19,1.3345,1
19-Mar-19,1.3292,1
20-Mar-19,1.3317,1
21-Mar-19,1.3366,1
22-Mar-19,1.3411,1
25-Mar-19,1.342,1
26-Mar-19,1.3386,1
27-Mar-19,1.3414,1
28-Mar-19,1.3429,1
29-Mar-19,1.3363,1
01-Apr-19,1.3337,1
02-Apr-19,1.3344,1
03-Apr-19,1.3324,1
04-Apr-19,1.3357,1
05-Apr-19,1.3386,1
08-Apr-19,1.3325,1
09-Apr-19,1.3316,1
10-Apr-19,1.3326,1
11-Apr-19,1.3378,1
12-Apr-19,1.3329,1
15-Apr-19,1.3354,1
16-Apr-19,1.3361,1
17-Apr-19,1.3332,1
18-Apr-19,1.3382,1
19-Apr-19,,1
22-Apr-19,1.3353,1
23-Apr-19,1.3421,1
24-Apr-19,1.3475,1
25-Apr-19,1.3493,1
26-Apr-19,1.346,1
29-Apr-19,,1
30-Apr-19,1.3423,1
01-May-19,1.3416,1
02-May-19,1.3462,1
03-May-19,1.3429,1
06-May-19,1.3456,1
07-May-19,1.3476,1
08-May-19,1.3466,1
09-May-19,1.3483,1
10-May-19,1.3418,1
13-May-19,1.3457,1
14-May-19,1.3469,1
15-May-19,1.3451,1
16-May-19,1.3439,1
17-May-19,1.3468,1
20-May-19,,1
21-May-19,1.3413,1
22-May-19,1.341,1
23-May-19,1.3478,1
24-May-19,1.3447,1
28-May-19,1.3477,1
29-May-19,1.3514,1
30-May-19,1.3501,1
31-May-19,1.3527,1
03-Jun-19,1.347,1
04-Jun-19,1.3414,1
05-Jun-19,1.3401,1
06-Jun-19,1.3378,1
07-Jun-19,,1
10-Jun-19,1.3267,1
11-Jun-19,1.3278,1
12-Jun-19,1.3303,1
13-Jun-19,1.3324,1
14-Jun-19,1.3385,1
17-Jun-19,1.3407,1
18-Jun-19,1.3394,1
19-Jun-19,1.3343,1
20-Jun-19,1.3191,1
21-Jun-19,1.3212,1
24-Jun-19,1.3194,1
25-Jun-19,1.3174,1
26-Jun-19,1.313,1
27-Jun-19,1.3111,1
28-Jun-19,1.3087,1
01-Jul-19,,1
02-Jul-19,1.3114,1
03-Jul-19,,1
05-Jul-19,,1
08-Jul-19,1.3081,1
09-Jul-19,1.3127,1
10-Jul-19,1.3092,1
11-Jul-19,1.3071,1
12-Jul-19,1.3038,1
15-Jul-19,1.3039,1
16-Jul-19,1.3052,1
17-Jul-19,1.3053,1
18-Jul-19,1.3069,1
19-Jul-19,1.3071,1
22-Jul-19,1.3103,1
23-Jul-19,1.3142,1
24-Jul-19,1.3137,1
25-Jul-19,1.3146,1
26-Jul-19,1.3182,1
29-Jul-19,1.3159,1
30-Jul-19,1.3168,1
31-Jul-19,1.3148,1
01-Aug-19,1.3217,1
02-Aug-19,1.3225,1
05-Aug-19,,1
06-Aug-19,1.3253,1
07-Aug-19,1.3322,1
08-Aug-19,1.3257,1
09-Aug-19,1.3221,1
12-Aug-19,1.3234,1
13-Aug-19,1.3236,1
14-Aug-19,1.3311,1
15-Aug-19,1.3325,1
16-Aug-19,1.3286,1
19-Aug-19,1.3298,1
20-Aug-19,1.3323,1
21-Aug-19,1.3278,1
22-Aug-19,1.3293,1
23-Aug-19,1.331,1
26-Aug-19,1.3279,1
27-Aug-19,1.3267,1
28-Aug-19,1.3301,1
29-Aug-19,1.3296,1
30-Aug-19,,1
03-Sep-19,1.3343,1
04-Sep-19,1.3263,1
05-Sep-19,1.3228,1
06-Sep-19,1.3174,1
09-Sep-19,1.3155,1
10-Sep-19,1.3153,1
11-Sep-19,1.3181,1
12-Sep-19,1.3205,1
13-Sep-19,1.3257,1
16-Sep-19,1.3248,1
17-Sep-19,1.3257,1
18-Sep-19,1.3271,1
19-Sep-19,1.3259,1
20-Sep-19,1.3275,1
23-Sep-19,1.327,1
24-Sep-19,1.3249,1
25-Sep-19,1.327,1
26-Sep-19,1.326,1
27-Sep-19,1.3249,1
30-Sep-19,1.3243,1
01-Oct-19,1.3244,1
02-Oct-19,1.3294,1
03-Oct-19,1.333,1
04-Oct-19,,1
07-Oct-19,1.3306,1
08-Oct-19,1.3323,1
09-Oct-19,1.3324,1
10-Oct-19,1.3294,1
11-Oct-19,1.3198,1
15-Oct-19,1.3211,1
16-Oct-19,1.3201,1
17-Oct-19,1.3143,1
18-Oct-19,1.3132,1
21-Oct-19,1.3096,1
22-Oct-19,1.3094,1
23-Oct-19,1.3086,1
24-Oct-19,1.3075,1
25-Oct-19,1.3064,1
28-Oct-19,1.3056,1
29-Oct-19,1.3075,1
30-Oct-19,1.3152,1
31-Oct-19,1.316,1
01-Nov-19,1.3157,1
04-Nov-19,1.3148,1
05-Nov-19,1.3153,1
06-Nov-19,1.3179,1
07-Nov-19,1.3176,1
08-Nov-19,1.3223,1
11-Nov-19,,1
12-Nov-19,1.3228,1
13-Nov-19,1.3249,1
14-Nov-19,,1
15-Nov-19,,1
18-Nov-19,1.3214,1
19-Nov-19,1.3237,1
20-Nov-19,1.3304,1
21-Nov-19,1.3285,1
22-Nov-19,1.3287,1
25-Nov-19,1.3307,1
26-Nov-19,1.3288,1
27-Nov-19,1.3278,1
02-Dec-19,1.3297,1
03-Dec-19,1.3302,1
04-Dec-19,1.3223,1
05-Dec-19,1.3174,1
06-Dec-19,1.3255,1
09-Dec-19,1.3235,1
10-Dec-19,1.3233,1
11-Dec-19,1.3201,1
12-Dec-19,1.3182,1
13-Dec-19,1.3183,1
16-Dec-19,1.3142,1
17-Dec-19,1.316,1
18-Dec-19,1.3119,1
19-Dec-19,1.3122,1
20-Dec-19,1.3164,1
23-Dec-19,1.316,1
26-Dec-19,,1
27-Dec-19,1.3078,1
30-Dec-19,1.3059,1
02-Jan-20,1.2992,1
03-Jan-20,1.2988,1
06-Jan-20,1.297,1
07-Jan-20,1.3009,1
08-Jan-20,1.3026,1
09-Jan-20,1.3079,1
10-Jan-20,1.3051,1
13-Jan-20,1.3048,1
14-Jan-20,1.3062,1
15-Jan-20,1.305,1
16-Jan-20,1.3045,1
17-Jan-20,1.3062,1
21-Jan-20,1.3067,1
22-Jan-20,1.3116,1
23-Jan-20,1.3143,1
24-Jan-20,1.314,1
27-Jan-20,1.3182,1
28-Jan-20,1.3179,1
29-Jan-20,1.3196,1
30-Jan-20,1.3217,1
31-Jan-20,1.3233,1
03-Feb-20,1.3275,1
04-Feb-20,1.3278,1
05-Feb-20,1.3289,1
06-Feb-20,1.329,1
07-Feb-20,1.3305,1
10-Feb-20,1.3319,1
11-Feb-20,1.3292,1
12-Feb-20,1.3254,1
13-Feb-20,1.3256,1
14-Feb-20,1.3249,1
18-Feb-20,1.3258,1
19-Feb-20,1.3231,1
20-Feb-20,1.3254,1
21-Feb-20,1.3224,1
24-Feb-20,1.3279,1
25-Feb-20,1.3281,1
26-Feb-20,1.3307,1
27-Feb-20,1.3361,1
28-Feb-20,1.3429,1
