Year,Quarter,        Gross domestic product,Private industries,"    Agriculture, forestry, fishing, and hunting",        Farms,"        Forestry, fishing, and related activities",    Mining,        Oil and gas extraction,"        Mining, except oil and gas",        Support activities for mining,    Utilities,    Construction,    Manufacturing,        Durable goods,            Wood products,            Nonmetallic mineral products,            Primary metals,            Fabricated metal products,            Machinery,            Computer and electronic products,"            Electrical equipment, appliances, and components","            Motor vehicles, bodies and trailers, and parts",            Other transportation equipment,            Furniture and related products,            Miscellaneous manufacturing,        Nondurable goods,            Food and beverage and tobacco products,            Textile mills and textile product mills,            Apparel and leather and allied products,            Paper products,            Printing and related support activities,            Petroleum and coal products,            Chemical products,            Plastics and rubber products,    Wholesale trade,    Retail trade,        Motor vehicle and parts dealers,        Food and beverage stores,        General merchandise stores,        Other retail,    Transportation and warehousing,        Air transportation,        Rail transportation,        Water transportation,        Truck transportation,        Transit and ground passenger transportation,        Pipeline transportation,        Other transportation and support activities,        Warehousing and storage,    Information,"        Publishing industries, except internet (includes software)",        Motion picture and sound recording industries,        Broadcasting and telecommunications,"        Data processing, internet publishing, and other information services","    Finance, insurance, real estate, rental, and leasing",        Finance and insurance,"            Federal Reserve banks, credit intermediation, and related activities","            Securities, commodity contracts, and investments",            Insurance carriers and related activities,"            Funds, trusts, and other financial vehicles",        Real estate and rental and leasing,            Real estate,                Housing,                Other real estate,            Rental and leasing services and lessors of intangible assets,    Professional and business services,"        Professional, scientific, and technical services",            Legal services,            Computer systems design and related services,"            Miscellaneous professional, scientific, and technical services",        Management of companies and enterprises,        Administrative and waste management services,            Administrative and support services,            Waste management and remediation services,"    Educational services, health care, and social assistance",        Educational services,        Health care and social assistance,            Ambulatory health care services,            Hospitals,            Nursing and residential care facilities,            Social assistance,"    Arts, entertainment, recreation, accommodation, and food services","        Arts, entertainment, and recreation","            Performing arts, spectator sports, museums, and related activities","            Amusements, gambling, and recreation industries",        Accommodation and food services,            Accommodation,            Food services and drinking places,"    Other services, except government",Government,    Federal,        General government,            National defense,            Nondefense,        Government enterprises,    State and local,        General government,        Government enterprises,    Addenda:,            Private goods-producing industries1,            Private services-producing industries2,            Information-communications-technology-producing industries3
2005,Q1,12761.3,11077.8,130.5,106.9,23.6,197,133.5,39.8,23.7,192.3,628.5,1673,945.5,34.8,47.9,57.9,120.7,112.5,209.7,42,136.9,84.3,32.8,65.9,727.5,174.7,21.2,14.1,51.6,43.9,134.6,223.4,64,742.8,824.8,155.9,120.6,119.4,428.9,358.2,58.5,26.8,8.4,110.9,22.8,10.8,83.8,36.2,641.9,170.9,67,333.2,70.7,2543,937.8,397.1,177.7,339.6,23.4,1605.1,1464.8,1184.8,280,140.3,1415,835.7,192.7,131.3,511.6,209.4,369.9,336.5,33.4,953.2,131.1,822.1,389,270.8,91.3,70.9,471.7,118.9,64.6,54.3,352.8,107.1,245.8,306,1683.5,543.7,479.9,295.4,184.5,63.8,1139.8,1049.7,90.1,,2629,8448.8,---
2005,Q2,12910,11209.9,130.7,107.1,23.5,210.3,143.7,42.1,24.5,189.7,643.7,1667.8,946.6,34.5,48.4,55.1,121.8,112.3,208.1,41.8,135.8,89.5,33.5,65.8,721.2,177,20.6,13.8,51.3,44.1,132,219.8,62.6,745.2,834.4,155.2,122.1,122.1,435,368.7,61.5,27.5,8.2,114.8,23.7,9.7,86.1,37.3,649.6,174.1,62.4,343.1,70.1,2587.6,960.5,405.9,186.8,344.1,23.6,1627.1,1487.5,1203.7,283.8,139.7,1433.3,843.6,193.8,133.6,516.3,211.4,378.3,344.7,33.5,962.7,132.4,830.3,393.8,272.4,92.3,71.8,477.6,121.1,65.9,55.2,356.4,108.2,248.2,308.6,1700.2,547.9,485.3,299,186.3,62.6,1152.2,1060.7,91.6,,2652.5,8557.4,---
2005,Q3,13142.9,11423.9,128.3,104.4,23.8,232.7,160.6,44.1,28,200,664.2,1703.1,960.4,34.5,49.1,54.5,122.7,115.4,213.6,43.4,136.3,90.3,34.1,66.5,742.6,180,20.4,13.9,50.9,44.9,148.7,221.8,62.1,759.7,846.2,160.7,123.1,120.1,442.3,382.5,63.3,28.3,8.8,119.5,23,9.6,91.3,38.6,638.8,172.8,61.5,332.7,71.9,2635.6,988.7,412.2,200.7,352,23.7,1647,1503,1222,281.1,144,1457.8,857.8,196.1,137,524.6,216.9,383.1,349.2,34,977.5,134.2,843.3,400.5,276.5,93.3,73,485.1,123.8,68.2,55.5,361.4,109.8,251.5,312.5,1719,553.1,490.7,303,187.7,62.3,1165.9,1073.3,92.6,,2728.2,8695.8,---
2005,Q4,13332.3,11593.9,124,99.4,24.6,262.8,186.3,45.5,31,210.6,670.8,1729.9,974.6,35,49.9,57.5,124.2,117.4,213.7,45.7,134.9,94.9,34.5,66.9,755.3,183,20.6,13.5,53,44.9,149.4,227.7,63.2,772.1,858,160.6,124.5,123,449.9,393.9,63.6,29.4,9.9,122.5,24.7,9.3,94.2,40.3,639,172.8,61.5,329.7,75,2658.5,1007.8,417.2,209.8,357.9,23,1650.6,1501.3,1241.1,260.2,149.3,1479.6,872.5,198.1,137.7,536.6,218.8,388.3,354.6,33.6,988.6,135.2,853.3,404.7,280.2,94.3,74.1,490.5,125.1,69.6,55.5,365.4,110.6,254.8,315.7,1738.4,560.4,497.4,307.4,190,62.9,1178.1,1084.6,93.5,,2787.5,8806.4,---
2006,Q1,13603.9,11845,119.6,92.7,26.9,268.2,181.2,49.3,37.8,220.7,698.8,1780.3,1004.8,34.4,51.6,60.4,126.3,120.2,228.1,49.6,136.1,94,35.2,68.9,775.5,187.6,20.6,13.2,56.2,45.9,144,244.1,64,793.7,867.2,161.2,125.9,123.8,456.3,401.5,65.8,30.8,12,122.8,25.4,11.1,93.3,40.3,633.8,160.5,64.1,328.4,80.8,2694,1031.5,423.5,222.5,363.5,22.1,1662.6,1498.4,1263.6,234.7,164.2,1523.5,901.8,200.6,145.4,555.7,226.2,395.5,363.1,32.4,1017.4,140.2,877.2,417.5,288,96.4,75.2,505.3,128.8,72.7,56.2,376.5,114,262.5,321,1758.9,568.1,501.8,309.8,191.9,66.3,1190.9,1096.8,94,,2866.8,8978.2,---
2006,Q2,13749.8,11971.1,123.3,94.7,28.6,272.8,179.5,51.6,41.7,226.8,698.5,1797.6,1004.1,32,50.6,62.7,126.2,121.5,222,52,137,94.2,34.9,70.9,793.6,193.7,20.3,13,58.1,46.7,145.5,252.4,63.9,807.5,868.3,159,126,123.7,459.7,409.4,66.4,32.4,12.3,125.9,26.3,10.3,95.1,40.7,652.1,165.3,66.3,336.6,83.9,2712.5,1025.2,420.3,218.4,365.3,21.2,1687.4,1517.9,1285.4,232.6,169.4,1535.4,909.8,204.1,146.5,559.3,229.7,395.9,364.5,31.4,1032.1,142.4,889.8,422.3,293.5,97.3,76.6,509.7,130.5,73.9,56.6,379.3,115.1,264.1,324.9,1778.7,572.2,506.4,312.5,193.9,65.9,1206.5,1112.1,94.4,,2892.2,9078.8,---
2006,Q3,13867.5,12064.2,127.4,97,30.3,277.2,180.7,52.3,44.2,231.9,691.6,1793.6,994.2,30.5,49.8,64,126.2,121.4,220.9,52.1,128.6,95.6,34.2,70.9,799.4,195.8,20,12.7,58.7,47,141.8,259.5,64.1,818,873,160.8,126.1,123.7,462.3,412.5,70.3,32.8,12.8,126.2,24.7,10.5,94.4,40.8,664.7,164.9,68.4,349,82.5,2751.2,1029.7,417.4,216,375.6,20.7,1721.5,1551.3,1303.9,247.4,170.2,1546.8,918.8,205.2,149.8,563.8,229.8,398.2,367.2,31,1039,143.7,895.4,423.8,296.4,98,77.3,511.6,130,73.3,56.7,381.6,116.2,265.4,325.8,1803.3,578.4,513.2,317.2,195.9,65.3,1224.8,1130.2,94.6,,2889.8,9174.4,---
2006,Q4,14037.2,12210.2,130.3,100.7,29.6,275.1,174.2,54.1,46.7,228.1,699.5,1803.8,1014.6,29.8,50.1,63.7,128.5,124.4,225.4,52.1,134.5,101.3,33.9,71.1,789.3,198.3,19.5,12.6,59,47.7,128.7,259.4,64,826.8,871.3,160.9,125.6,124.4,460.4,418.1,69.6,32.5,13.8,127.1,27.1,11,95.6,41.3,657.3,158.2,71.4,347.1,80.6,2818,1050.4,414.5,229.5,385.7,20.7,1767.5,1599.3,1315.9,283.4,168.2,1580.9,937.9,208.4,154.1,575.4,236.2,406.8,374.8,31.9,1053.2,145.4,907.8,428.9,301.2,99.2,78.5,519.5,132.6,74.2,58.4,386.9,118.6,268.3,328.5,1827,583.4,518.2,320.8,197.5,65.2,1243.6,1149.1,94.5,,2908.7,9301.5,---
2007,Q1,14208.6,12354.1,143.6,115,28.6,282.1,180.6,54.1,47.3,228.3,715.1,1798.4,1010.7,29.8,48,63,132.2,124.9,223.2,49.3,130.5,105.4,33.5,71,787.7,190.6,19.7,12.3,53.9,47.8,136.5,262.4,64.5,846.3,869.3,161.4,124.1,124.3,459.4,407.8,71.2,31.5,14,122.1,25.9,12.3,90,40.8,673.7,182.5,70.5,356.6,64.1,2855.5,1073.9,402.8,240.9,409.3,20.9,1781.6,1621.2,1324.5,296.8,160.4,1614.2,950.5,212.4,160.4,577.7,248.4,415.3,381.2,34,1062.4,147.7,914.7,431.7,303.4,100.5,79.1,527,135.4,74.8,60.5,391.6,121.6,270,330.5,1854.5,589.8,525,323.9,201.1,64.8,1264.7,1170.6,94.1,,2939.2,9414.9,---
2007,Q2,14382.4,12508.5,138.9,110.2,28.7,314.5,205.7,59.5,49.3,233,722,1853.3,1029.3,29.4,49.9,63.7,134.7,129.7,227,50,126.7,113.4,32.9,71.9,824,195.3,19.4,11.9,53.4,47.5,162,269.7,64.9,856.8,869.7,163.8,123.6,124.3,458,415.3,77.5,31.6,14.2,123.8,26.2,13,88.1,40.8,695.3,189.5,75.7,368.2,61.9,2836.8,1044.9,401.6,206.8,414.9,21.7,1791.9,1632,1332.4,299.6,159.9,1638.2,963.7,210.9,164.3,588.5,249.1,425.5,390.3,35.2,1075.2,149.3,925.9,437,307.1,101.8,80,529.5,136.3,74.7,61.6,393.3,123.1,270.2,329.8,1873.9,597.8,531.6,328.1,203.5,66.2,1276.1,1182.5,93.7,,3028.7,9479.8,---
2007,Q3,14535,12636.8,140.8,112.6,28.2,318.8,206,61.4,51.4,235.8,719.6,1861.1,1046.9,29,53.1,64.7,136.3,132.6,231.1,50.1,124.9,120.5,32.3,72.3,814.1,196.9,19.1,11.6,57.5,47.6,147.5,270.6,63.3,859.3,867.3,164.8,124,123.1,455.3,411.5,73.9,32.7,13.8,124.1,25,12.2,89.1,40.7,720.5,195.4,79.4,381.7,64,2855,1027.4,405.9,190,408.4,23.2,1827.5,1661.9,1343,318.9,165.6,1685.2,996.6,218.4,170,608.3,251.9,436.6,400.5,36.2,1095.6,152.6,943,445.5,313.3,102.8,81.4,535.3,138.3,76,62.3,397,125.4,271.7,331.1,1898.2,607.3,539.8,333.8,206,67.5,1291,1197.2,93.7,,3040.2,9596.5,---
2007,Q4,14681.5,12759.8,152.9,124.9,28,340.4,231.1,56.8,52.5,230.6,704.6,1866.2,1035.5,28.1,50.1,66.7,135.9,131,231.9,51.7,117.7,117.6,31.3,73.5,830.7,193.4,19,11.6,58.1,47.9,172,268.2,60.4,868.9,870.6,161.1,124.6,126.6,458.4,421,70.1,33.6,14.9,124.6,28,14.5,92.4,42.7,738.2,199.3,80.3,388.1,70.6,2845.8,975.9,406.6,155.2,390.3,23.8,1869.9,1699.4,1363.9,335.5,170.5,1729.2,1028.9,228.1,173.6,627.2,255.2,445.1,408.6,36.5,1118.6,156.6,962,455.2,319.3,104.8,82.7,542.2,139.8,76.8,62.9,402.4,127.8,274.6,330.5,1921.7,612.8,546.7,338.7,208,66.1,1308.9,1214.5,94.4,,3064.2,9695.6,---
2008,Q1,14651,12702.9,157.6,130.1,27.5,358,245.4,58,54.6,223.1,668.2,1801.9,1011.7,26.7,46,69.8,132.6,130.5,229.7,53,106.6,115.2,29.2,72.4,790.2,184.6,18.4,11.7,50.2,46.3,168.4,254.4,56.1,871.9,844.6,152,125.5,125.3,441.9,417.1,69.3,34.9,15.5,117.5,26.9,17.5,91.7,43.7,733.7,193.3,77.5,388.6,74.3,2867.9,994.2,427.6,177.3,361.4,28,1873.7,1707,1383.9,323,166.8,1744.4,1052.7,235.4,175.8,641.5,252.5,439.2,402.7,36.5,1146.4,160.1,986.3,464.5,329.5,108.2,84,539,140.4,77.8,62.5,398.7,126.3,272.4,329,1948.2,619.7,555.1,343.1,212,64.6,1328.5,1232.8,95.7,,2985.7,9717.2,---
2008,Q2,14805.6,12837,154.5,126.5,28,427.4,307,61.2,59.2,240.2,652.2,1818.2,1010.7,26,45.1,73.2,133.5,130.7,232.5,55.4,97.6,114.4,28.3,74.1,807.5,192,18,11.9,49.4,45.6,164.3,271.7,54.5,887.4,850.6,147.6,126.6,128.1,448.3,422.6,66.9,37.3,15.8,119.7,28.3,15.6,94.1,45,754.3,192.4,80.5,399.9,81.6,2816.2,929.8,429.9,130.3,344.4,25.2,1886.4,1710.2,1404.8,305.5,176.2,1773.6,1079.1,244.9,180.9,653.3,255.4,439.1,402.5,36.6,1169.6,164.5,1005.1,474.7,335.7,109.6,85.1,541.6,141.8,80.1,61.7,399.8,125.2,274.6,328.7,1968.6,627.6,564.2,349.4,214.8,63.4,1341,1244.5,96.4,,3052.3,9784.8,---
2008,Q3,14835.2,12841.3,141.4,113.3,28.2,430.8,305.6,63.6,61.7,251.7,640.1,1828.7,1004.2,25.4,44.5,72.6,133.2,132.6,234.7,57.4,85.2,114.5,27.5,76.6,824.6,201.3,17.8,11.5,51.3,44.7,168.9,273.4,55.6,895.3,855.2,142.7,128.4,129.6,454.4,427.8,67.9,39.2,16.1,121.6,27.1,15.8,94.7,45.3,756.9,189.7,80.7,399.4,87.1,2745.9,855.3,407.9,85.1,341.6,20.7,1890.5,1707.5,1421.3,286.2,183,1796.5,1098.6,244.7,183.7,670.1,258.9,439.1,402.6,36.6,1196.1,170.7,1025.4,486.4,341.9,110.9,86.2,544.9,143.5,82.4,61.2,401.3,123.4,277.9,330,1993.9,636.6,574,356.2,217.7,62.7,1357.3,1259.5,97.8,,3041.1,9800.2,---
2008,Q4,14559.5,12543.8,135.4,108,27.4,352.5,228.1,62.3,62,251.7,635.1,1754.5,972.3,24.4,43.3,59.6,133.1,132.7,231.6,56.2,71.8,114,26.4,79,782.2,218.5,17.2,11.3,54.5,44.1,116.6,262,58,882.7,844.3,135.3,131.7,130.3,446.9,439.8,70.8,37.5,18.3,122.9,30.1,16.2,96.9,46.9,726.9,180.8,80.3,377.7,88.1,2621.1,713.7,372.4,-23.9,349.3,15.9,1907.3,1719.6,1436.6,283,187.7,1793.9,1098.2,237.4,185,675.7,258.9,436.8,398.8,38,1227.1,175.9,1051.2,497.9,352.6,113.4,87.3,545.4,147,85.5,61.5,398.4,118.9,279.5,333.5,2015.8,645,583,361.7,221.3,61.9,1370.8,1271.6,99.2,,2877.5,9666.3,---
2009,Q1,14394.5,12374.7,124.6,97.5,27.1,289.4,173.7,63.9,51.9,263.6,596.8,1689.5,897.2,20.9,39.9,44.5,121.7,123.9,223.1,52.2,50.2,117.1,23.6,80.1,792.3,229.4,15.1,9.8,57.3,40.7,97.2,285.6,57.3,836.9,825.3,126.2,129.4,131.6,438.1,410.6,67.8,34,16.6,112,28.7,17,88.8,45.7,719.2,179.1,81.6,370.7,87.8,2800.3,888,404.2,118.3,349,16.6,1912.3,1733.5,1442.9,290.6,178.8,1709.7,1055,224,185.9,645.1,236.9,417.7,380.1,37.6,1247.9,185.2,1062.7,500.3,360.4,114.4,87.6,532.7,144.2,84.4,59.9,388.5,109.9,278.6,328.2,2019.8,650,589.1,364.5,224.6,60.9,1369.8,1270.2,99.6,,2700.3,9674.4,---
2009,Q2,14352.9,12312.7,124.6,98.1,26.5,262.5,164.7,57.9,39.9,252.9,569.2,1674.1,867.1,20.9,38.5,38.6,115.8,117.2,219.4,50.7,44.3,117.9,22.9,81,807.1,244.5,14.9,9.8,59.4,39.6,97.8,281.3,59.7,820.6,822.9,124.9,130.1,133.5,434.4,398.1,70.3,32.3,15.5,107.5,29.6,13.5,84.4,45,714.2,174.5,81.2,373.9,84.6,2872.8,975.4,406.7,188.8,365.3,14.6,1897.4,1733.1,1444.8,288.2,164.3,1680.7,1027.9,213.9,187.2,626.8,243.3,409.5,371.8,37.7,1263,187.3,1075.7,505.5,366.1,116.2,87.8,530.4,143.3,84.3,59,387.1,107,280.1,326.6,2040.2,660.9,600.3,369,231.3,60.6,1379.3,1278.3,100.9,,2630.4,9682.3,---
2009,Q3,14420.3,12368.5,129,102.3,26.8,265.5,167.5,61.4,36.6,251.2,558,1699,865.9,21.3,38.8,39.4,115.1,114.8,222.5,49.9,45,115,22.5,81.6,833,239.4,15,9.8,60.2,39.2,116.7,290.9,61.8,825.9,820.3,117.9,130.9,131.6,439.8,399,72.5,32.8,15.1,109.2,27.8,13.5,83.4,44.8,715.3,174.2,82.1,374.5,84.5,2896.1,995.7,393.9,212.9,373.9,15,1900.4,1744.3,1450.7,293.6,156.1,1678.7,1022.1,208.5,189.9,623.8,248.9,407.6,369,38.6,1271.5,189.2,1082.4,510.2,367.4,117.1,87.7,534,145.4,85.3,60.1,388.6,105.9,282.7,325.1,2051.8,666.9,606.3,375.1,231.3,60.5,1384.9,1283.1,101.8,,2651.5,9717,---
2009,Q4,14628,12559.6,141.7,114.5,27.1,285.9,185.6,63.1,37.2,265.3,538.7,1745.9,893.7,21.7,38.2,42,116.9,118.5,229.8,50,51.8,119.7,22.3,82.7,852.2,238,15.5,10.1,60.3,39.1,131.2,295.2,62.9,853.2,842,132.2,132,135.7,442.2,410.8,76.1,32.5,15.3,109.4,31.6,14.5,86,45.2,739,186.1,84.2,380.3,88.4,2901.5,1007.3,390.8,223.7,375.3,17.5,1894.1,1741.1,1449.8,291.2,153.1,1685.9,1020.1,202.3,192.7,625.1,251,414.8,374.9,39.9,1287.5,191.6,1095.9,513.5,376.4,118.1,87.9,536,145.6,85.5,60.2,390.4,106.9,283.5,326.3,2068.4,675.5,616.2,382.2,234,59.3,1392.9,1290.4,102.5,,2712.2,9847.4,---
2010,Q1,14721.4,12634.5,135.8,108.1,27.7,307.3,201.5,64.4,41.3,275,519.4,1754.1,911,22.2,37.9,45.2,115.1,118.5,233.2,49.9,67.6,116.5,21.7,83.3,843,233.2,15.3,10.1,58,38.8,123.7,301.8,62.2,862.5,838.4,136.4,129.9,129.9,442.1,414.5,79.1,33,14.1,109.2,30.3,18.6,85.9,44.4,734.2,176.2,89.3,376.9,91.9,2923.4,1015.2,387.8,241,370.1,16.3,1908.2,1751.7,1448,303.7,156.5,1718.6,1035.3,201.7,195.7,637.9,257.7,425.7,379.4,46.2,1286.5,195,1091.5,521.2,362.8,118.6,88.9,542.1,148.2,85.8,62.3,393.9,106.9,287,322.8,2086.8,687.2,627.6,388.1,239.5,59.6,1399.6,1297.2,102.4,,2716.5,9918,---
2010,Q2,14926.1,12815.3,141.6,112.7,28.9,296.6,182.2,68.4,46.1,274.4,527.7,1783.2,955.5,23.8,38.8,50.3,119.7,125.8,237.8,51.4,84.8,118.2,21.9,83.1,827.7,224.8,15.7,10.3,56.6,39.6,117.9,300.9,61.8,881.7,855.7,140.9,131.5,135.1,448.3,429.1,84.1,33.2,14.6,112.8,30.7,19.2,89.4,45.1,744.1,187.1,90.7,368.7,97.6,2947.9,1012.5,403.5,221.6,370.7,16.8,1935.3,1775,1449.5,325.5,160.3,1748.2,1051.8,201.7,198.5,651.6,261.6,434.7,386.7,48,1304.7,198.1,1106.6,527.4,369.1,120.4,89.8,553.6,151.4,86.8,64.7,402.1,111.5,290.6,326.9,2110.8,699.9,641.9,392.2,249.6,58,1410.9,1307.1,103.8,,2749.2,10066.1,---
2010,Q3,15079.9,12966.1,149.5,120.5,29,300.2,179.5,70.6,50.1,281.8,527.7,1814.1,988.3,23.5,38.8,53,122.1,130.3,241,50.7,99.5,124,22,83.4,825.8,219.7,15.8,10.6,55.9,39.7,119.5,303.3,61.5,905.9,853.9,142.8,131.6,133.7,445.9,441.8,86.2,34.2,15.4,115.3,31.8,20.7,92.7,45.5,766.9,192.7,92.5,377.6,104,2927.2,984.6,420.9,172.8,374.1,16.8,1942.5,1781.1,1450.8,330.2,161.5,1784.8,1076,205.8,206.2,664,266.8,442,393.5,48.5,1321.1,200.5,1120.6,535.2,373.5,121.7,90.2,560.4,153.1,87.9,65.2,407.4,114.3,293.1,330.8,2113.8,699.7,642.8,394.8,248,56.9,1414.1,1309.1,105,,2791.5,10174.6,---
2010,Q4,15240.8,13120.4,158.3,129.1,29.1,319.3,192.1,74.6,52.6,284.2,525.7,1836.6,1002.5,23.7,37.9,55,122.7,134.2,247.3,50.8,102.9,123.7,21.8,82.4,834.2,215,15.4,10.5,54.8,39.6,132.7,304.6,61.6,905.5,858,144.8,131.4,130,451.8,446.7,87.2,34.5,14.5,116.3,32.7,22.3,93.6,45.6,767.9,191.1,91.9,375.3,109.6,2973.4,1002.1,459.2,150.4,376.3,16.2,1971.4,1810,1460.4,349.7,161.3,1815.8,1092.5,208.5,210.8,673.2,275.4,447.8,399.6,48.3,1330.4,201.9,1128.5,542.8,374,121.9,89.8,567.1,156.3,90.4,65.9,410.8,115.6,295.2,331.6,2120.4,703,647.7,398.8,248.9,55.3,1417.5,1311,106.5,,2839.9,10280.5,---
2011,Q1,15285.8,13156.5,183.5,154.9,28.6,334.3,203.7,75.6,55,275,510.9,1835.7,1002.7,23.3,37.6,58,124.6,139.6,237.5,49.1,105.4,124.9,21.8,81,833,208.7,15.1,10.3,54,39.3,144.5,299.6,61.5,911.7,861.8,145.8,129.3,134.8,451.9,446.2,86,34.6,14.5,118.6,33,21.4,93.1,45,758.1,192.8,84.3,368.8,112.1,2976.7,1013.8,443.3,173.3,383.1,14.1,1962.9,1804.2,1479.6,324.6,158.7,1827.9,1101.3,210.3,215.7,675.3,278.1,448.5,405.9,42.6,1335.3,204,1131.3,545,376.8,122,87.6,569.4,155.5,89.4,66.2,413.9,118.2,295.7,329.8,2129.3,708.8,655.2,403.4,251.8,53.7,1420.5,1312,108.5,,2864.5,10292,---
2011,Q2,15496.2,13355.7,175.4,147.2,28.2,361.6,224.1,77.8,59.7,289,522.2,1864.3,1003.8,23.3,38.2,61.4,126,142.2,237.3,48,99.9,125.4,22,80.1,860.5,207.6,15,10.1,53.6,38.9,164,308.8,62.6,932.6,866.3,146.8,130.5,133.1,455.9,450.9,85.2,36.2,14,120.8,33.9,21.6,94,45.1,765.5,194,85.8,369.9,115.7,3012.8,1003.1,445.2,162.4,382.5,13.2,2009.6,1848.4,1494.9,353.5,161.2,1853.7,1122.6,215.8,225,681.9,278.5,452.5,410.2,42.3,1350.7,205.5,1145.2,552.3,381.8,122.9,88.2,578.8,158.2,91.7,66.5,420.6,121.1,299.5,332,2140.5,712.1,659.2,406.2,253,52.9,1428.4,1317.7,110.7,,2923.4,10432.2,---
2011,Q3,15591.9,13449.4,183.1,154.3,28.9,357.7,216.8,76.9,64.1,289.5,529.1,1869.4,1011.1,23.7,38.9,63.3,127.5,145,235.8,47.9,100.4,126.9,22.1,79.8,858.2,205.8,15,10,53.4,38.5,169.6,303.3,62.8,933.8,873.2,148.8,129.9,135,459.5,449.4,82.1,36.8,13.8,122.3,34.1,21.4,93.6,45.3,755.8,194.7,85.1,361.2,114.8,3063.1,1034.5,457.7,180.7,383.7,12.4,2028.6,1866,1504.8,361.2,162.6,1865,1132,216.7,227.2,688,276.5,456.5,413.8,42.7,1361.2,206.8,1154.4,558.7,382.9,123.9,88.9,585.4,161,96.3,64.7,424.4,122.7,301.7,333.8,2142.4,713.6,661.7,408.8,252.9,51.9,1428.8,1316,112.8,,2939.4,10510,---
2011,Q4,15796.5,13660.5,181.8,152.7,29.1,371.6,227.8,75.2,68.6,296.4,535.5,1900.8,1043.1,24.2,40.6,67.2,130.6,151.2,237.9,47.8,111.2,130.1,22,80.3,857.7,214.7,15.2,10.1,53.7,38.2,154.3,306.7,64.8,961.6,886.4,153.7,130.5,133.6,468.7,459.2,85.2,38.2,14,125.2,35.3,21.7,94.7,45,760,196.7,84,364.9,114.3,3128.8,1052.7,473.7,178.5,388,12.5,2076.1,1908.4,1514.7,393.6,167.8,1880.1,1142.3,219.1,230.1,693.1,278.7,459.1,416.8,42.3,1371.5,207.8,1163.7,563.5,386.7,123.9,89.7,590,158.5,93.5,65,431.5,125.3,306.2,336.7,2135.9,714.5,662.9,410.1,252.8,51.6,1421.5,1306.7,114.8,,2989.7,10670.8,---
2012,Q1,16019.8,13871.1,182.6,152.2,30.5,369.7,230.3,70.4,69,272.4,548.3,1915.1,1050.8,24.7,41.2,66.3,135.8,152.9,239.3,49.3,110.7,128,22.4,80.2,864.4,214.9,15.6,10,52.8,37.9,166.5,300.6,65.9,979.9,901.5,160.1,131.5,135.5,474.4,465.5,86.4,38,13.2,127.7,35.8,23.1,94.6,46.6,755.4,196.4,83.2,368,107.8,3195.5,1126.1,507.4,194.9,410.3,13.6,2069.4,1901,1522.4,378.5,168.5,1933.1,1169.8,219.1,237.2,713.5,291.9,471.4,428.1,43.3,1396.7,212.5,1184.2,571.3,392,125.2,95.7,612,167.6,99.3,68.4,444.4,126.3,318.1,343.3,2148.7,715.1,663.5,408.4,255.1,51.6,1433.6,1316.5,117.1,,3015.8,10855.3,---
2012,Q2,16152.3,14001.2,178.6,147.9,30.7,353.8,216.6,66.8,70.4,281.7,551.7,1930,1065.6,25.2,42.2,66.6,137.5,153.5,240.4,52.2,117.2,126.2,22.3,82.1,864.4,218.9,15.9,10.1,53.1,38.5,157.3,303.3,67.3,991.9,904,159.7,131.5,131.5,481.4,474.5,87.3,40.3,12.9,128.8,36.5,26.2,95.8,46.8,768.2,207.6,81.9,375.9,102.8,3246.3,1153.8,504.3,232.3,404.5,12.8,2092.5,1919.5,1528.8,390.7,173,1954.4,1189.1,217.1,250.3,721.8,293.5,471.7,429.1,42.7,1401.2,214.3,1186.8,569.5,396.7,125.3,95.4,617.8,170.1,100.6,69.4,447.8,128.5,319.3,346.9,2151,714.8,663.8,408,255.8,50.9,1436.3,1317.3,119,,3014.2,10987,---
2012,Q3,16257.2,14096.1,175.8,145.2,30.6,349.6,217.6,64.1,67.9,283.2,552,1937.8,1063.7,26,43.1,65,138,152.5,241,52.7,115.4,126.1,22.3,81.7,874.1,227.5,16,9.9,52.9,38.3,155.2,306.1,68.2,1003.1,910.6,161.3,132,133.7,483.6,474.2,89,40.2,12.5,128.1,36.9,25.3,95,47.3,760.1,201.8,80.5,376,101.8,3300,1184.5,523.6,240.8,407,13.2,2115.5,1942.8,1534.9,407.9,172.7,1969.1,1191.4,212.7,258.9,719.7,302.8,474.9,432.7,42.2,1408.6,214.5,1194.1,571.1,401.1,125.9,96,622.4,172,101.8,70.2,450.4,129,321.4,349.6,2161,714.2,664.2,407.8,256.4,50,1446.8,1325.9,120.9,,3015.1,11081,---
2012,Q4,16358.9,14181.7,181.3,150.5,30.8,362.1,230.5,65.3,66.3,281.3,561.6,1925.3,1066.8,27.1,43.8,64.1,139.2,150.9,241,53.9,117.9,125.6,22.6,80.7,858.5,215.6,16.2,10,53.2,38.6,152.8,303.5,68.5,1014.5,917.6,162.7,132.3,132.8,489.8,473.6,88.6,39.8,13.9,127.6,36.1,26.3,93.6,47.8,752.1,199.7,84.1,361.5,106.8,3302,1186.8,510.3,264.1,400.1,12.3,2115.2,1938.4,1538.2,400.3,176.7,2002.1,1203.8,217.8,262.7,723.3,320.5,477.7,435,42.7,1422.9,214.2,1208.8,582.3,402.5,127.3,96.7,633.3,175.3,103.7,71.6,458,130.7,327.3,352,2177.2,711.5,663.2,406.2,257,48.3,1465.7,1342.3,123.4,,3030.3,11151.4,---
2013,Q1,16569.6,14375.2,218.3,187.8,30.5,369.9,239.9,63,67.1,287.4,571.5,1977.9,1090,29,45.8,62.5,140.9,155.6,246.1,57.4,118.6,129.8,23.2,81.1,887.9,221.1,16.4,10.3,55.2,39.2,158.9,317.3,69.5,1027.9,943.1,168.6,135,136.1,503.4,483.4,89.9,40.3,15.7,129.4,37.6,26.9,96,47.5,812.1,212.8,80.8,399.5,119,3256,1109.3,487.4,236.9,374.1,10.9,2146.7,1963.1,1546.7,416.4,183.6,1995.6,1201.8,215.3,257.4,729,313.9,479.9,437,42.9,1437,214.7,1222.3,589.1,405.2,128,99.9,642.1,174.5,102.2,72.4,467.5,134.6,332.9,353.1,2194.4,706.5,659.5,402.1,257.4,47,1487.9,1361.8,126.1,,3137.6,11237.6,---
2013,Q2,16637.9,14430.5,224.7,194,30.7,383,253.6,60.1,69.3,286.4,579,1964.3,1091,30,46.6,61.2,141,156.6,242.5,57.6,121.5,131.4,23.7,79,873.3,227.7,16.4,10.2,55.9,39.1,135,319.8,69.1,1025.9,942.7,170.7,135.1,135.1,501.8,484.3,90.5,40,16.2,129.4,37.6,27.2,96.2,47.2,820.8,211.2,82.4,403.8,123.5,3277.5,1126.7,489.7,254.8,370.9,11.2,2150.8,1973.1,1553,420.1,177.7,2001.7,1197.5,216.3,252.2,728.9,319.6,484.6,441.8,42.8,1440.8,215.9,1224.9,591,404.7,128.5,100.6,645.5,175.2,102.6,72.5,470.3,135.8,334.6,353.9,2207.5,704.1,658.7,401.3,257.4,45.3,1503.4,1376.1,127.3,,3151,11279.4,---
2013,Q3,16848.7,14633.7,222.2,191.1,31.1,401.3,267.9,63.3,70.1,283.2,594.3,1989.5,1107.2,31,48,62.5,141.9,158.6,244.1,58.4,123.6,134,24.3,80.6,882.3,231.1,16.8,10.2,57.2,38.8,142.3,316.5,69.3,1045,953.8,173.5,136,135,509.3,491.6,94,40.8,16.4,131.3,37.8,27.1,97.3,46.8,830.2,207.5,85.1,404.7,133,3340,1143.9,496.6,253.3,381.5,12.5,2196.1,2012.8,1570.7,442.2,183.3,2022.6,1208.6,220.2,252.7,735.8,321.1,492.9,449.6,43.3,1449.5,217.8,1231.7,593.5,406.6,129.4,102.2,654.2,177.7,103.9,73.9,476.4,137.5,338.9,356.4,2215.1,698.4,653.7,395.2,258.5,44.6,1516.7,1388.3,128.3,,3207.3,11426.4,---
2013,Q4,17083.1,14850.1,197.2,165.6,31.6,391.8,259,62.1,70.7,288.3,605.4,2036,1119.6,32,48.1,63,142.8,161.8,243.5,58.5,127.3,137.1,24.8,80.8,916.3,231.6,17.3,10.2,57,38.6,166,327.6,68,1061.5,958.2,176.2,137.4,135.1,509.5,505.1,102,42.1,17.3,133.2,38.5,26.5,98.2,47.4,852.6,209.3,82.9,411.1,149.3,3417.7,1199.8,520.9,252.8,410.5,15.5,2217.8,2032.9,1589.4,443.5,184.9,2049.3,1226.3,223.6,257.3,745.3,324.2,498.9,455,43.8,1461.5,221.4,1240,600.4,406.3,130.3,103,663.6,182.2,108.3,73.8,481.5,138.8,342.6,361.8,2233.1,706.3,661.7,401.8,259.9,44.6,1526.8,1397.4,129.4,,3230.4,11619.6,---
2014,Q1,17104.6,14857.1,197.3,165.3,31.9,412.2,278,59.6,74.6,301.1,615.5,1994.2,1101.5,30.4,47.4,61.5,140.4,156.6,244.5,53.6,126.3,134.9,24.6,81.2,892.7,229.7,17.4,10.2,55.7,38.4,154.3,321.7,65.3,1049,951.3,173.8,136.5,136.4,504.6,498.5,96.7,41.3,16.6,133.6,38.6,27.5,97.2,46.9,833.6,214,82.4,394.8,142.3,3440.5,1228.6,524.2,244.2,442.5,17.8,2211.8,2032.1,1608.1,424,179.8,2066.4,1230.1,217.2,261.3,751.5,333.3,503,458.7,44.2,1463.5,222,1241.5,599.2,407.8,130.8,103.6,669.3,185.9,111.2,74.7,483.4,138.5,344.9,365,2247.4,710.9,664.1,400.5,263.6,46.8,1536.5,1405,131.6,,3219.2,11637.9,---
2014,Q2,17432.9,15172.2,213,180.6,32.4,435.3,294.2,60.6,80.4,295.5,630,2036.7,1121.6,31.6,48.8,63.8,142.8,162,246.7,52.9,130.4,135.7,25.2,81.6,915.2,234.1,18,9.9,56.3,39,159.9,332.5,65.6,1074.6,969,182.4,137.4,136.9,512.4,515.7,102.4,43.4,16.4,138,40,29.2,98.9,47.5,840.7,220,82.7,392,146,3532.2,1284.2,555,225.9,481.8,21.5,2248,2060.3,1626.3,434,187.7,2090.6,1247.6,222.5,262.1,763,327.7,515.2,469.5,45.7,1479.5,225.4,1254.1,605.1,411.9,131.9,105.1,685.6,188.8,112.8,75.9,496.9,141.2,355.7,373.8,2260.7,713.7,665.8,400.3,265.5,47.9,1547,1413.6,133.4,,3315,11857.2,---
2014,Q3,17721.7,15443,196.7,163.5,33.2,431.3,289.5,59.4,82.4,297.8,644,2085.5,1154.5,31,50.4,66,145.8,164.5,255.3,54.4,136.3,142,26.1,82.6,931,243.2,18,9.8,57.2,39.4,162.9,332.7,67.8,1108.7,982.8,183.3,139.3,139.9,520.3,531.7,105.4,44.8,15.8,143.4,41.7,31.7,100.9,48,845.4,220.1,82.2,390.5,152.6,3587.5,1298.2,555.6,218.3,502.3,22,2289.3,2093.8,1648.9,444.9,195.6,2143.6,1289.3,232,269.1,788.2,331,523.3,476.3,47.1,1504.8,228.1,1276.7,617.6,419.1,133.1,106.9,700.9,191.3,113.4,77.9,509.6,144.7,364.9,382.2,2278.6,717.5,668,399.8,268.2,49.5,1561.1,1425.8,135.3,,3357.5,12085.5,---
2014,Q4,17849.9,15551.2,197,163.2,33.9,386.7,251.4,55.4,79.9,297.9,658.1,2084.5,1158.8,30.8,51.5,65,146.7,160.4,258.2,56.5,137.1,144,26.9,81.6,925.7,247,17.9,9.7,57.8,39.3,153.7,330.5,69.8,1120.4,995,185.2,141.9,141.6,526.3,541.5,107.1,45.5,16,147.6,41.8,32.3,102.4,48.8,850,215.6,81.5,397.5,155.4,3632,1319.4,556.5,223.3,518.6,21,2312.6,2114,1672.2,441.7,198.6,2173.2,1303.5,230.2,271.3,802.1,339.5,530.2,482.6,47.6,1520,228.9,1291.1,623.3,425.7,134,108.1,709.6,190.5,112,78.5,519.1,147.7,371.4,385.4,2298.7,721.2,669.5,399.6,269.9,51.7,1577.5,1440.2,137.4,,3326.3,12224.9,---
2015,Q1,18003.4,15685.4,181.9,147.5,34.4,289.9,171.7,53.1,65.1,299.8,673.1,2116.4,1176.7,31.5,53,63.1,148,158.2,265.1,61.6,139.6,148.2,27.9,80.4,939.7,257.7,18,9.7,58.9,39.7,150.5,330.7,74.7,1134.3,1001.3,187.9,143.8,140.1,529.6,553.2,111.6,45.2,16.3,147.8,42.1,34.6,106,49.7,877.7,221.2,85.7,411.6,159.2,3694.4,1352.2,562.6,225.5,544.9,19.2,2342.2,2140.9,1702.5,438.3,201.3,2205.1,1324.7,234,276.4,814.3,346.8,533.5,485.8,47.7,1542,230.3,1311.7,631.9,434.8,135.6,109.5,728.1,190.7,111.5,79.2,537.3,153.7,383.6,388.3,2318,726.7,671.4,398.8,272.6,55.3,1591.3,1452.1,139.2,,3261.4,12424,---
2015,Q2,18223.6,15889.2,181.8,147.6,34.3,279.2,172.1,50.8,56.3,297.1,689.7,2133,1181.7,31.6,53.5,60.9,147.9,152.7,268.1,64.2,146.1,148.1,28.8,79.6,951.3,259.4,17.7,9.6,59.3,39.9,159.4,328.3,77.7,1151.1,1012.4,191,144.2,141.9,535.2,561.5,115.5,45,16,148.6,42,36.3,107.2,51.1,897.2,223.2,87.4,420.2,166.4,3765.3,1394.8,577.9,228.9,569.6,18.3,2370.6,2167.2,1731.7,435.5,203.4,2227.4,1342.2,237,282.9,822.3,348.3,536.9,488.6,48.3,1559.9,231.5,1328.4,639.6,440.7,136.8,111.3,741.5,192.4,112.8,79.5,549.1,156.8,392.3,392,2334.4,729.4,672.1,397.7,274.4,57.3,1605,1464.4,140.7,,3283.8,12605.4,---
2015,Q3,18347.4,15999.3,185.4,149.6,35.8,251.7,153.4,48.7,49.7,303,703,2153,1191,32.9,55.6,59.4,147.3,151,267.2,64.9,150.4,151.3,29.8,81.2,962,264.9,17.9,9.8,60,40.4,152.5,336.3,80.3,1144.8,1030.9,194.6,147.1,143.7,545.5,573,120.4,44.6,15.7,150.4,42,38,109.1,52.9,917.5,224.2,88.3,432.6,172.3,3756.7,1351.8,552,231.2,552.5,16.1,2405,2196.9,1760,436.9,208.1,2251.8,1360.5,242,287.2,831.3,347.8,543.5,495.5,48,1582.8,233.9,1349,650.8,446.8,138.8,112.6,753.5,194,112.7,81.3,559.4,159.5,399.9,392.2,2348.2,733.2,674.6,398.5,276.2,58.6,1614.9,1473.4,141.6,,3293.1,12706.2,---
2015,Q4,18378.8,16021.6,180,144.9,35.1,226.2,135.7,47.4,43.1,297,713.9,2116,1185.7,33.8,56.5,56.9,146.2,148,268.9,63.8,148.9,148.7,30,84,930.3,265,18.2,9.7,60.5,40.9,119.1,336.6,80.4,1141.3,1035.7,196.5,146.7,144.8,547.7,575.6,123.2,42.5,15.2,149.4,42.7,38.4,110.1,54.1,935.4,225.7,89,440,180.6,3779.7,1353.7,550.7,237.9,549.3,15.8,2426.1,2215,1781.8,433.2,211,2263.5,1366.9,241.4,292.6,832.9,349,547.6,499.9,47.7,1599.3,238.2,1361.2,654.4,452.5,139.4,114.8,764.1,196.8,114.4,82.4,567.3,159.9,407.4,393.8,2357.2,735.8,676.5,398.5,278.1,59.3,1621.4,1479.5,141.9,,3236.1,12785.5,---
2016,Q1,18470.2,16104.6,168.7,132.2,36.5,197.4,116.5,45.4,35.5,295.4,730.8,2097.4,1185,34.6,56.9,55.9,146.6,145.6,266.5,60.1,153.9,149.2,30.5,85.1,912.4,262.3,18.3,9.7,60.3,41.2,87,353.2,80.5,1135.2,1044.8,199.8,147.5,143,554.4,575.2,123.8,40.5,14.4,149.9,42.2,38.6,109.2,56.5,957.3,232.1,95,443.8,186.4,3823.8,1371,557.5,249.4,547.8,16.3,2452.7,2234.5,1797.9,436.7,218.2,2281.6,1383.3,249.3,298.7,835.3,347.8,550.5,503.1,47.4,1625.8,242.7,1383,669,456.1,141.1,116.8,774.4,201.3,117.3,84,573.1,159.2,413.9,396.9,2365.6,738,678.5,397.8,280.7,59.6,1627.6,1485.7,141.9,,3194.2,12910.3,---
2016,Q2,18656.2,16279.1,170.6,134.8,35.8,212.3,135.4,46.3,30.5,298.2,738.6,2101.7,1182.8,35,57.4,56.5,145.6,143.7,265.7,58.8,154.4,147.9,30.3,87.6,918.9,264.5,18.4,9.6,59.4,41,84.9,360.9,80.3,1130.4,1047.9,200,148.7,141.3,557.9,581.8,130.8,39.1,13.8,148,42.8,40.1,110,57.2,961.2,232.2,91.8,443.4,193.8,3916.9,1435,588.6,262.8,565.6,18.1,2481.8,2259.6,1817.9,441.7,222.2,2292,1388.6,250.9,303,834.6,349.4,554,506.7,47.3,1647.4,246,1401.4,681.6,458.6,142.6,118.5,781.8,204,119.5,84.5,577.8,159.3,418.5,398.3,2377.2,740.8,682.8,399.1,283.7,58,1636.4,1494.4,142,,3223.1,13055.9,---
2016,Q3,18821.4,16428.9,167,131.5,35.5,222.6,144.1,48.1,30.4,306.9,748.9,2099.1,1186,35.6,57.4,56.9,145.3,142.7,267.2,57.9,155.7,148.9,30.1,88.3,913.1,265.9,18.4,9.5,57.4,40.8,81.5,360.3,79.2,1132.2,1054.8,202.3,148.1,144.8,559.5,580.4,129.1,39.9,13,147.8,42.8,38,111,58.6,974.4,234.6,94,448.3,197.6,3989.4,1494.3,618.5,274.9,581.3,19.6,2495.1,2274.3,1835.2,439.1,220.8,2303.1,1392.5,251.4,304.5,836.6,351.2,559.4,511.7,47.8,1654.8,246.3,1408.5,682.4,461.4,143.9,120.8,794.3,210.1,125,85.1,584.2,160.1,424.1,401,2392.4,745.4,686.8,400.2,286.6,58.7,1647,1504.7,142.3,,3237.6,13191.3,---
2016,Q4,19032.6,16628.2,160,124,36,239.9,158.2,49.7,32,306.5,769.2,2100.8,1191.8,35.9,58,57.9,146.2,142.6,271.4,56.8,157,146.9,30.2,88.7,909,264.4,18.4,9.6,56.5,40.9,86.7,353.7,79,1136.7,1063.9,204.4,148.9,146.4,564.2,590.5,132.3,40.5,12.6,149.3,43.5,39.7,112.9,59.8,980.7,237.8,94,447.5,201.4,4053.9,1531.6,639.6,282.3,588.9,20.8,2522.4,2303.1,1857.8,445.3,219.3,2340.3,1412.1,255.4,312.5,844.2,355.2,573,523.9,49.1,1679.9,249.4,1430.5,696.8,467.4,144.3,122,802.4,212.5,126.4,86.1,589.9,161.5,428.4,403.3,2404.4,749.9,690.3,401.1,289.2,59.6,1654.5,1511.7,142.8,,3269.9,13358.3,---
2017,Q1,19237.4,16816.8,183.3,147,36.3,259.5,169.9,53.1,36.5,304.5,785.3,2136.1,1204.5,36.9,59.5,59,146.4,146.2,274.4,58.6,157.1,147.3,29.8,89.1,931.6,263,18.4,9.5,55,40.8,110,356.7,78.2,1145.7,1073.6,205.4,150.5,146.3,571.4,596.2,132.4,41.3,12.7,152.4,44.3,40,113.2,59.9,988.7,241.9,96.8,442.8,207.2,4060.9,1500.9,632.2,285.6,562.7,20.5,2559.9,2340.1,1886.9,453.1,219.9,2375.5,1427.8,254.8,316.8,856.2,361.5,586.3,535.2,51.1,1690,248.3,1441.7,702.8,470.9,144.7,123.3,810.5,211.8,126.3,85.4,598.7,164.4,434.3,406.9,2420.7,755.1,694.1,402.1,292,61,1665.5,1522.2,143.3,,3364.3,13452.5,---
2017,Q2,19379.2,16943.8,180.2,143.9,36.3,265.8,167.2,56.6,42.1,311.9,788.1,2154.2,1214.6,37,60.6,58.6,148.3,149.5,275.3,59.9,158,148.8,29.4,89.2,939.6,267.5,18.1,9.4,54.4,40,118.9,354.3,76.9,1156.3,1077.4,206,151.9,145.8,573.7,604,134.6,41.2,12.8,155.8,44.9,39.3,114,61.4,996.6,245.7,94.3,442.1,214.5,4069.9,1478.7,608.9,294.8,554.7,20.3,2591.2,2368,1907.7,460.3,223.2,2410.8,1446.3,256.8,323.5,866,367.3,597.2,544.7,52.5,1699.1,247.1,1452,708.5,473.2,145.4,124.9,819.1,213.6,126.7,86.9,605.5,166.4,439.1,410.5,2435.5,758.7,696.7,402.6,294.1,62,1676.8,1532.5,144.2,,3388.3,13555.4,---
2017,Q3,19617.3,17160.2,170.5,134,36.5,271.1,168.9,56.8,45.4,309,801,2190.8,1232.6,37.5,61.3,58.3,149.9,154.4,280.7,59.9,157,153.5,29.6,90.3,958.2,267.9,18,9.4,55.1,40.3,132.7,357.8,77.1,1166.8,1087.1,207.8,152.6,146.9,579.8,609.5,133.5,40.6,13.2,157,46.2,40.9,115.3,62.8,1010.8,251.9,92.9,445.2,220.8,4135.1,1520.7,627,309.7,560,24,2614.4,2386.7,1921.5,465.2,227.7,2447.3,1466.1,257.9,327.4,880.8,373.8,607.3,552.7,54.6,1711.8,248.5,1463.3,714.7,476.2,145.7,126.7,832.1,220.9,132.9,88,611.1,168,443.2,417.3,2457.1,764.6,701.9,405,296.9,62.7,1692.6,1546.9,145.7,,3433.4,13726.8,---
2017,Q4,19938,17456.3,172.5,135.4,37.1,299.7,192.6,58.9,48.2,315,816.9,2248.3,1257.3,38.6,62.6,59.7,152.3,156.3,289.1,61.3,158.8,155.9,30.1,92.6,991,264.4,17.8,9.5,56.3,40,160.4,364.6,78.1,1185.3,1095.9,210.2,152.8,147.5,585.4,618.3,133.5,41.5,13.4,159.1,45.6,43,117.1,65.2,1025.6,260.7,90.5,444.3,230,4201.5,1552.8,635.5,327.2,565.1,25,2648.7,2415,1941,473.9,233.7,2490.7,1486.8,262.4,331.4,893,387.6,616.2,560.2,56,1727.9,250,1477.9,720.7,481.4,147.6,128.3,836.3,219.1,130.9,88.2,617.2,169.9,447.3,422.4,2481.7,771.5,708.4,408.3,300.2,63.1,1710.2,1562.5,147.6,,3537.5,13918.8,---
2018,Q1,20242.2,17733.1,181,142.8,38.2,313.2,201.5,59.4,52.3,319.9,835.4,2278.4,1270.6,39.5,62.1,62.1,155.3,160.3,289.2,62.6,157.6,157.4,30.6,93.9,1007.7,263.5,17.4,9.4,58,40,169,370.1,80.3,1190.3,1106.8,211.7,153.6,149.4,592.1,634.4,137.4,42.8,13.9,163,44.5,44.4,120.5,67.9,1029.2,264.2,86,447.9,231.1,4287.2,1597,666.4,308.4,593.6,28.5,2690.3,2446.1,1961.8,484.3,244.2,2523.7,1517.2,265.6,338.8,912.9,385.9,620.5,562.5,58,1756.2,254.5,1501.7,733.7,487.9,149.7,130.3,849.1,221.1,130.8,90.2,628,174.3,453.7,428.5,2509.1,779.8,716.2,412.6,303.7,63.6,1729.2,1579.2,150.1,,3607.9,14125.2,---
2018,Q2,20552.7,18016.2,184.3,146,38.3,331.4,212.7,60.7,57.9,322.7,845.1,2306.8,1281.6,40.6,62.9,64.6,157.2,159.5,295.2,63.1,157.2,156.4,30.9,94.1,1025.2,262,17.4,9.4,59.9,39.6,179.7,376.4,80.8,1203.5,1116.4,213.7,153.6,150.8,598.3,644.2,137,44.6,14.5,165.9,45,44.6,122.8,69.9,1062.1,277.9,85.2,455.5,243.4,4361.5,1638.6,689.5,315.3,603.6,30.2,2722.9,2474.3,1982.9,491.4,248.7,2562.2,1547.2,272.8,348,926.4,387.2,627.8,568.7,59.1,1773.8,257.1,1516.7,739.5,493,151.6,132.5,866.6,230.7,139.9,90.7,635.9,177.8,458.1,435.7,2536.4,787,723.6,417,306.6,63.5,1749.4,1597.2,152.2,,3667.6,14348.6,---
2018,Q3,20742.7,18176.4,172.6,134.3,38.3,342.2,226.2,58.1,57.9,317.6,851.7,2320.4,1292.8,40.9,62.8,65.8,157.9,160.4,295.7,63.9,160.9,159.1,30.9,94.5,1027.6,259.1,17.4,9.4,60.5,39.3,183.9,376.8,81.3,1212.6,1118.4,214.4,154.4,149.9,599.7,653.1,137.3,45,14.5,167.3,46.6,47.1,124,71.3,1072.1,285.7,82.6,457.2,246.6,4427.5,1672.9,707.1,320.3,614.4,31.1,2754.6,2502.5,2011,491.6,252,2590.4,1559,273.3,356.5,929.2,397.9,633.5,573.8,59.7,1786.6,259.3,1527.3,744.1,495.1,153.3,134.7,871,231.2,139.7,91.5,639.8,176.6,463.2,440.3,2566.3,793.9,730.9,421.6,309.3,63,1772.4,1618,154.4,,3686.9,14489.5,---
2018,Q4,20909.9,18323,176.4,137.9,38.4,336.5,218.8,59.6,58.1,327.1,860.5,2351.9,1305.5,40.5,63.1,66.4,159.3,160.5,299.5,64.7,161.1,164.6,31,94.7,1046.5,257.6,17.3,9.3,61.3,39.7,195.3,384.1,81.9,1237,1121.4,215.5,155.6,150.4,599.9,671.3,142.1,45.6,14.7,171.5,48.4,48.2,127.8,72.9,1075.8,283.5,82.6,457.4,252.3,4411.5,1626.1,693.1,304,600.4,28.6,2785.4,2530.3,2033.1,497.3,255,2614.8,1572.1,273,360,939.1,398.2,644.5,583.4,61.1,1811.2,262.9,1548.4,754.3,502,154.4,137.6,880.3,231.9,139,92.9,648.5,182.3,466.2,447.2,2586.9,798.7,736.3,424.8,311.5,62.4,1788.2,1632,156.2,,3725.3,14597.7,---
2019,Q1,21115.3,18508.9,170.3,131.9,38.4,316.9,198.1,59.8,59.1,329.2,880.1,2323.9,1318.2,40.6,63.6,65.4,161,162.9,303.3,65.2,162.6,167,31,95.6,1005.7,258.3,17.5,9.3,60.9,39.8,154.7,383,82.1,1257,1139.5,219.6,157.7,150.6,611.6,682.3,143,45.3,15.1,172.1,54.8,49.1,131.2,71.7,1094.7,295,84.2,461.1,254.5,4470.4,1649.8,703.2,319.6,598.7,28.3,2820.6,2565.8,2057.2,508.6,254.8,2668.3,1608.9,274.9,374.3,959.8,408.9,650.5,588.9,61.5,1834.3,264.6,1569.7,766.4,506.6,156,140.7,889.1,234.3,140.9,93.4,654.8,183.6,471.2,452.9,2606.4,805.6,743.1,428.6,314.5,62.5,1800.9,1643.3,157.6,,3691.3,14817.6,---
2019,Q2,21329.9,18703.8,172.8,133.7,39,319.2,199.5,61.4,58.3,332.7,887.4,2340.7,1319.2,40.9,64.5,64.3,160.6,162.5,304.6,65.8,163.9,164.5,31.1,96.7,1021.5,262.2,17.3,9.4,61.2,40.2,161.8,386.7,82.8,1253.8,1156,223.6,159.5,152,620.8,690.7,146.2,45.6,15,174.5,53.4,49.9,132.1,74,1122.3,300.1,88.3,463.8,270.1,4523.3,1663.7,704.7,316.5,613,29.5,2859.6,2598.9,2081.4,517.5,260.7,2693.1,1624.9,275.2,378.1,971.5,412.2,656.1,593.7,62.4,1853.5,267.9,1585.6,773.3,512.1,157.4,142.9,900.3,236.3,141.8,94.5,664,185.5,478.5,458.1,2626,809.8,747.7,431.4,316.3,62.1,1816.3,1657,159.3,,3720.1,14983.7,---
2019,Q3,21540.3,18887.2,178,138.6,39.4,301.2,186,61.2,53.9,338.6,897.7,2348.7,1317.7,41.4,65.9,64.1,161.5,162.5,299.5,66.3,164.8,163.7,31.1,96.9,1031,269.4,17.2,9.3,61.5,40.6,154.1,395.4,83.4,1268,1173.2,227,162,152.5,631.7,703.6,149,45.1,15,176.6,55.8,51.3,135.3,75.4,1137,304.6,88.9,469.7,273.7,4557.9,1656.5,706.2,304.6,616,29.6,2901.4,2633.8,2104.4,529.4,267.6,2727.6,1651.9,282.7,377.3,992,410.8,664.9,601.9,63,1875.4,271.6,1603.8,782.8,516.9,158.6,145.5,916,240.4,145.1,95.3,675.6,188.8,486.8,464.4,2653.1,816.6,754.4,434.9,319.4,62.2,1836.6,1675.7,160.8,,3725.5,15161.7,---
2019,Q4,21747.4,19075.1,180.4,140.1,40.3,300.6,188.8,60.9,50.8,340.6,905.5,2370.1,1328,42.1,65.9,63.1,161.7,162.5,308.3,66.2,164.7,164.3,31.4,97.7,1042.1,270.1,17,9.2,61.2,40.5,161.7,398,84.4,1270.4,1180.3,228.5,163,154.1,634.7,710,150,43.6,15,176.8,57.1,51.8,136.7,79,1156.1,313.3,90,471.9,280.9,4615.5,1693.2,721.5,309.2,632.4,30.2,2922.3,2658.3,2122.9,535.4,264,2753.9,1668,285,377.4,1005.6,413.6,672.3,609.1,63.2,1898.4,275.3,1623.1,792.8,522.6,160.1,147.6,923.4,243.5,146.4,97.1,680,190,490,469.7,2672.3,822.2,759.5,438.7,320.7,62.7,1850.1,1687.7,162.5,,3756.6,15318.4,---
2020,Q1,21561.1,18879,190.2,149.8,40.3,248.3,138.8,59.8,49.6,333.8,914.6,2346.3,1309.7,42.3,65.8,63.5,161,160.4,306.8,66.5,155.9,158.2,31.5,97.9,1036.6,268.9,17,9.2,61,40.7,155.1,400.3,84.5,1258.6,1180.7,224.5,170.4,154.3,631.5,686,127.2,43.2,15,176.6,54.1,51.8,138.3,79.8,1156.8,317.5,85,468.7,285.5,4607.5,1663.9,700.4,311.6,622.5,29.4,2943.6,2685.9,2141.6,544.3,257.7,2751.7,1670.5,286.2,378.1,1006.2,412.2,668.9,604.9,64,1881,275.2,1605.8,781.7,513.9,161.3,148.9,863.4,227.3,135.5,91.9,636,174.8,461.3,460.2,2682.2,828.2,764,440.6,323.4,64.3,1854,1695,159,,3699.3,15179.6,---
2020,Q2,19520.1,16925.5,142.4,107.5,34.8,136.3,49.7,53.2,33.3,333.2,853.7,2053.7,1145.5,38,64.3,54.7,138.9,144,300.5,60.6,95.3,119.5,28.8,101.1,908.2,267.4,13.6,8,59.1,35,55.3,393.2,76.6,1111.9,1102.1,205.7,174,147.7,574.7,520.2,27.1,37.5,9.1,154.2,31.5,47.2,136.7,76.9,1115.7,315.7,56.4,458.2,285.3,4564.7,1699.8,719.5,315.2,634.9,30.2,2864.8,2670.5,2153.1,517.4,194.4,2524.9,1547.4,272.4,361.2,913.9,397.6,579.9,522.2,57.7,1619.5,244.6,1374.9,622.9,474.6,152.1,125.3,476.3,98.2,54.5,43.8,378.1,72.8,305.3,371,2594.6,837.7,772.1,446.1,326,65.6,1756.9,1632.4,124.6,,3186,13739.4,---
